date,region,product,customer_id,units,unit_price,revenue,cost,profit
2023-01-01 00:00:00,East,Widget,,,100,8797.53,5133.19,3664.33
2023-01-01 01:00:00,East,Gadget Mini,C1003,86.0,180,14840.58,9101.55,5739.03
2023-01-01 02:00:00,North,Widget,C1069,255.0,100,25760.15,16336.74,9423.4
2023-01-01 03:00:00,South,Gadget,C1020,248.0,250,60624.78,41248.8,19375.98
2023-01-01 04:00:00,East,Widget,C1043,136.0,100,13131.45,9107.74,4023.71
2023-01-01 05:00:00,North,Widget,C1033,284.0,100,27999.5,16844.31,11155.19
2023-01-01 06:00:00,West,Widget Pro,C1048,161.0,400,64633.31,44982.67,19650.64
2023-01-01 07:00:00,North,Widget,C1046,300.0,100,30385.92,20748.05,9637.87
2023-01-01 08:00:00,South,Widget Pro,C1037,141.0,400,53838.45,31451.6,22386.85
2023-01-01 09:00:00,West,Gadget Mini,C1058,91.0,180,16980.3,10307.36,6672.94
2023-01-01 10:00:00,East,Widget,C1034,63.0,100,6218.21,3615.43,2602.78
2023-01-01 11:00:00,East,Gadget,C1068,58.0,250,13878.53,8955.08,4923.46
2023-01-01 12:00:00,East,Widget,C1071,83.0,100,8199.95,5727.08,2472.87
2023-01-01 13:00:00,North,Widget,C1004,76.0,100,7803.92,4357.64,3446.28
2023-01-01 14:00:00,West,Gadget,C1072,54.0,250,12914.35,8871.78,4042.58
2023-01-01 15:00:00,West,Widget,C1058,98.0,100,9952.33,6064.4,3887.93
2023-01-01 16:00:00,North,Widget,C1074,230.0,100,23563.47,14864.94,8698.54
2023-01-01 17:00:00,South,Gadget,C1017,228.0,250,56213.38,39326.82,16886.56
2023-01-01 18:00:00,South,Widget,C1020,172.0,100,16421.04,9301.66,7119.39
2023-01-01 19:00:00,East,Gadget,C1059,90.0,250,21517.94,13066.61,8451.32
2023-01-01 20:00:00,South,Enterprise Suite,C1014,218.0,1500,338797.5,186922.08,151875.41
2023-01-01 21:00:00,East,Gadget,C1014,84.0,250,20510.33,13252.63,7257.7
2023-01-01 22:00:00,North,Widget,C1033,157.0,100,14920.1,9822.1,5097.99
2023-01-01 23:00:00,West,Widget Pro,C1038,27.0,400,10808.3,6117.08,4691.22
2023-01-02 00:00:00,West,Gadget,C1020,53.0,250,12851.06,7788.86,5062.2
2023-01-02 01:00:00,South,Widget Pro,C1041,136.0,400,54565.12,30015.5,24549.62
2023-01-02 02:00:00,South,Widget,C1039,113.0,100,11145.17,7777.08,3368.09
2023-01-02 03:00:00,North,Widget,C1062,279.0,100,28087.93,15780.18,12307.75
2023-01-02 04:00:00,West,Enterprise Suite,C1060,109.0,1500,164034.75,93313.47,70721.27
2023-01-02 05:00:00,West,Widget,C1027,121.0,100,12133.49,7777.43,4356.05
2023-01-02 06:00:00,West,Widget Pro,C1051,109.0,400,44427.82,29186.52,15241.3
2023-01-02 07:00:00,West,Gadget,C1015,155.0,250,38510.14,24170.36,14339.77
2023-01-02 08:00:00,North,Widget,C1075,219.0,100,20851.07,13200.56,7650.5
2023-01-02 09:00:00,North,Widget,C1004,123.0,100,12461.26,7281.63,5179.63
2023-01-02 10:00:00,West,Widget,C1027,85.0,100,8277.3,5383.12,2894.19
2023-01-02 11:00:00,South,Widget Pro,C1031,55.0,400,22841.24,14536.89,8304.35
2023-01-02 12:00:00,East,Widget Pro,C1055,82.0,400,31784.54,17943.63,13840.91
2023-01-02 13:00:00,South,Gadget,C1012,53.0,250,13732.08,7664.23,6067.86
2023-01-02 14:00:00,North,Widget Pro,C1024,146.0,400,60155.46,34071.47,26083.99
2023-01-02 15:00:00,North,Gadget,C1031,269.0,250,66724.65,39486.43,27238.22
2023-01-02 16:00:00,West,Widget,C1012,141.0,100,14534.31,9860.0,4674.31
2023-01-02 17:00:00,North,Enterprise Suite,C1030,306.0,1500,474423.67,329890.23,144533.44
2023-01-02 18:00:00,North,Gadget,C1007,280.0,250,67996.23,41488.31,26507.92
2023-01-02 19:00:00,North,Widget,C1058,241.0,100,23835.92,16422.42,7413.5
2023-01-02 20:00:00,North,Gadget,C1062,138.0,250,35295.24,23559.72,11735.52
2023-01-02 21:00:00,North,Widget,C1069,141.0,100,14760.88,9400.87,5360.01
2023-01-02 22:00:00,North,Widget,C1067,127.0,100,12128.68,7538.2,4590.48
2023-01-02 23:00:00,North,Enterprise Suite,C1076,201.0,1500,288840.36,166913.26,121927.1
2023-01-03 00:00:00,North,Gadget Mini,C1072,172.0,180,30662.09,21194.84,9467.24
2023-01-03 01:00:00,North,Gadget,C1074,84.0,250,21250.7,13024.21,8226.49
2023-01-03 02:00:00,South,Widget,C1040,172.0,100,16788.52,10920.24,5868.28
2023-01-03 03:00:00,North,Widget,C1040,237.0,100,24106.91,14343.6,9763.31
2023-01-03 04:00:00,West,Gadget Mini,C1072,107.0,180,18314.94,11779.69,6535.25
2023-01-03 05:00:00,West,Widget,C1044,142.0,100,13792.68,8134.65,5658.03
2023-01-03 06:00:00,West,Gadget Mini,C1069,148.0,180,26292.42,15082.96,11209.46
2023-01-03 07:00:00,East,Gadget,C1001,154.0,250,40375.85,26167.44,14208.4
2023-01-03 08:00:00,East,Gadget,C1017,86.0,250,22428.28,12684.04,9744.23
2023-01-03 09:00:00,North,Gadget Mini,C1036,164.0,180,30235.61,17334.6,12901.02
2023-01-03 10:00:00,East,Widget Pro,C1033,85.0,400,32992.23,21284.47,11707.77
2023-01-03 11:00:00,South,Widget,C1054,143.0,100,14883.67,8299.43,6584.24
2023-01-03 12:00:00,West,Widget,C1033,54.0,100,5310.12,3024.77,2285.35
2023-01-03 13:00:00,North,Gadget,C1014,171.0,250,43629.23,27666.87,15962.36
2023-01-03 14:00:00,North,Gadget Mini,C1047,159.0,180,29776.04,18813.65,10962.39
2023-01-03 15:00:00,South,Widget,C1005,140.0,100,13478.42,8036.36,5442.07
2023-01-03 16:00:00,West,Widget,C1071,143.0,100,13941.83,7882.97,6058.85
2023-01-03 17:00:00,West,Gadget,C1030,160.0,250,40482.65,23203.96,17278.68
2023-01-03 18:00:00,West,Enterprise Suite,C1003,122.0,1500,188687.12,128724.7,59962.42
2023-01-03 19:00:00,North,Gadget Mini,C1031,313.0,180,57930.97,35439.67,22491.29
2023-01-03 20:00:00,North,Widget Pro,C1060,239.0,400,91853.39,62536.09,29317.31
2023-01-03 21:00:00,North,Widget Pro,C1029,146.0,400,58168.17,34655.35,23512.82
2023-01-03 22:00:00,North,Gadget,C1008,173.0,250,42810.87,25335.06,17475.8
2023-01-03 23:00:00,West,Widget,C1068,98.0,100,9938.65,6062.1,3876.55
2023-01-04 00:00:00,North,Widget,C1074,151.0,100,15669.33,9232.09,6437.24
2023-01-04 01:00:00,West,Widget,C1040,115.0,100,11049.66,6797.58,4252.08
2023-01-04 02:00:00,South,Enterprise Suite,C1024,55.0,1500,79329.08,54334.52,24994.55
2023-01-04 03:00:00,North,Widget Pro,C1068,303.0,400,115160.5,79326.73,35833.77
2023-01-04 04:00:00,East,Gadget Mini,C1055,145.0,180,26718.67,15484.95,11233.72
2023-01-04 05:00:00,North,Gadget,C1015,280.0,250,68811.4,41086.42,27724.98
2023-01-04 06:00:00,East,Widget,C1051,145.0,100,14223.46,8694.22,5529.24
2023-01-04 07:00:00,East,Gadget,C1048,74.0,250,17929.9,11649.77,6280.14
2023-01-04 08:00:00,East,Gadget Mini,C1070,103.0,180,18754.16,11161.4,7592.76
2023-01-04 09:00:00,West,Widget,C1077,86.0,100,8350.76,5577.17,2773.59
2023-01-04 10:00:00,East,Gadget,C1060,117.0,250,29080.82,16926.64,12154.18
2023-01-04 11:00:00,East,Enterprise Suite,C1036,57.0,1500,87517.47,56783.75,30733.72
2023-01-04 12:00:00,South,Gadget,C1030,79.0,250,19424.5,13068.09,6356.4
2023-01-04 13:00:00,East,Widget,C1031,76.0,100,7371.34,4081.24,3290.1
2023-01-04 14:00:00,West,Gadget,C1073,116.0,250,29778.62,18412.49,11366.13
2023-01-04 15:00:00,North,Gadget,C1000,276.0,250,68961.2,40452.48,28508.72
2023-01-04 16:00:00,West,Gadget Mini,C1028,111.0,180,20750.16,13835.44,6914.72
2023-01-04 17:00:00,North,Enterprise Suite,C1031,325.0,1500,488375.44,272285.31,216090.13
2023-01-04 18:00:00,West,Widget,C1067,126.0,100,12138.01,7521.88,4616.13
2023-01-04 19:00:00,West,Gadget,C1078,134.0,250,35007.63,23935.2,11072.43
2023-01-04 20:00:00,West,Gadget Mini,C1057,78.0,180,13937.14,9561.27,4375.87
2023-01-04 21:00:00,West,Widget Pro,C1031,70.0,400,27929.09,16446.85,11482.24
2023-01-04 22:00:00,West,Widget,C1030,56.0,100,5755.5,3583.89,2171.61
2023-01-04 23:00:00,North,Widget,C1040,62.0,100,6067.15,3584.21,2482.94
2023-01-05 00:00:00,West,Widget,C1019,73.0,100,7045.11,4279.59,2765.52
2023-01-05 01:00:00,East,Widget,,97.0,100,9610.37,6067.91,3542.46
2023-01-05 02:00:00,North,Widget Pro,C1002,220.0,400,87027.4,57914.07,29113.33
2023-01-05 03:00:00,West,Widget Pro,C1045,106.0,400,41892.82,23078.1,18814.72
2023-01-05 04:00:00,North,Widget,C1068,208.0,100,21614.61,14597.63,7016.98
2023-01-05 05:00:00,East,Gadget,C1028,136.0,250,34351.06,20029.44,14321.62
2023-01-05 06:00:00,North,Gadget,C1051,267.0,250,66008.12,42927.13,23080.99
2023-01-05 07:00:00,East,Widget Pro,C1068,107.0,400,44595.64,31087.99,13507.65
2023-01-05 08:00:00,North,Widget,C1054,211.0,100,21235.87,11766.06,9469.81
2023-01-05 09:00:00,North,Gadget,C1027,203.0,250,48467.69,29413.38,19054.32
2023-01-05 10:00:00,South,Widget,C1053,186.0,100,19306.13,11424.18,7881.95
2023-01-05 11:00:00,North,Widget,C1044,152.0,100,14469.46,9128.97,5340.49
2023-01-05 12:00:00,North,Widget,C1003,167.0,100,17463.67,9710.48,7753.19
2023-01-05 13:00:00,West,Widget,C1016,76.0,100,7235.49,4144.9,3090.59
2023-01-05 14:00:00,South,Widget,C1032,83.0,100,8671.64,5374.29,3297.35
2023-01-05 15:00:00,East,Widget,C1014,128.0,100,12937.28,8566.92,4370.36
2023-01-05 16:00:00,East,Widget,C1039,144.0,100,14127.9,8996.68,5131.21
2023-01-05 17:00:00,South,Gadget Mini,C1025,,180,55815.23,38580.64,17234.6
2023-01-05 18:00:00,North,Gadget,C1038,276.0,250,69877.97,39500.98,30376.99
2023-01-05 19:00:00,West,Gadget,C1005,118.0,250,28382.11,19798.7,8583.41
2023-01-05 20:00:00,North,Gadget,C1043,218.0,250,53794.61,33669.73,20124.88
2023-01-05 21:00:00,North,Gadget,C1046,117.0,250,29221.34,17971.96,11249.38
2023-01-05 22:00:00,East,Widget Pro,C1066,108.0,400,44095.57,27133.02,16962.55
2023-01-05 23:00:00,West,Widget,C1061,79.0,100,8143.48,5136.3,3007.17
2023-01-06 00:00:00,South,Widget Pro,C1031,143.0,400,57728.95,34541.87,23187.08
2023-01-06 01:00:00,West,Widget,C1059,56.0,100,5813.71,3410.21,2403.51
2023-01-06 02:00:00,South,Gadget,C1041,216.0,250,53116.54,33152.48,19964.07
2023-01-06 03:00:00,North,Widget,C1076,181.0,100,18639.08,11203.03,7436.04
2023-01-06 04:00:00,East,Widget,C1010,159.0,100,15121.14,10467.0,4654.15
2023-01-06 05:00:00,North,Gadget,C1060,417.0,250,104825.21,61432.67,43392.54
2023-01-06 06:00:00,East,Gadget,C1028,116.0,250,29849.51,16833.87,13015.64
2023-01-06 07:00:00,South,Widget,C1070,165.0,100,16770.53,10152.09,6618.44
2023-01-06 08:00:00,South,Gadget,C1058,163.0,250,41752.19,25035.39,16716.8
2023-01-06 09:00:00,North,Widget,C1015,153.0,100,14719.6,8521.0,6198.61
2023-01-06 10:00:00,East,Enterprise Suite,C1061,34.0,1500,51969.83,30076.56,21893.27
2023-01-06 11:00:00,North,Gadget,C1012,146.0,250,37449.76,23949.82,13499.94
2023-01-06 12:00:00,West,Widget,C1068,40.0,100,3944.35,2348.23,1596.12
2023-01-06 13:00:00,North,Widget,C1016,207.0,100,19777.87,11744.5,8033.36
2023-01-06 14:00:00,East,Widget Pro,C1036,84.0,400,32264.69,17804.94,14459.75
2023-01-06 15:00:00,South,Gadget,C1061,249.0,250,60285.16,33621.43,26663.74
2023-01-06 16:00:00,North,Widget,C1006,243.0,100,24279.94,15455.48,8824.47
2023-01-06 17:00:00,North,Widget Pro,C1031,279.0,400,116612.24,65626.7,50985.54
2023-01-06 18:00:00,North,Widget Pro,C1028,331.0,400,133807.65,89465.28,44342.37
2023-01-06 19:00:00,East,Widget,C1075,95.0,100,9888.08,5879.48,4008.6
2023-01-06 20:00:00,West,Widget,C1012,100.0,100,10121.03,6492.08,3628.95
2023-01-06 21:00:00,West,Widget,C1020,109.0,100,10585.02,6870.36,3714.66
2023-01-06 22:00:00,North,Gadget,C1076,64.0,250,15450.45,9444.52,6005.94
2023-01-06 23:00:00,South,Widget,C1058,111.0,100,10864.8,6436.39,4428.41
2023-01-07 00:00:00,North,Widget,C1075,167.0,100,16306.81,10904.15,5402.65
2023-01-07 01:00:00,East,Gadget Mini,C1019,112.0,180,20009.08,12639.42,7369.66
2023-01-07 02:00:00,West,Widget Pro,C1039,65.0,400,24885.67,14306.48,10579.18
2023-01-07 03:00:00,South,Widget Pro,C1059,135.0,400,56274.44,34657.91,21616.53
2023-01-07 04:00:00,East,Gadget,C1063,157.0,250,40987.5,25620.09,15367.41
2023-01-07 05:00:00,South,Gadget,C1077,227.0,250,58959.97,38924.2,20035.77
2023-01-07 06:00:00,North,Widget,C1073,300.0,100,31385.73,21197.73,10188.0
2023-01-07 07:00:00,South,Widget,C1073,201.0,100,20632.17,13889.85,6742.32
2023-01-07 08:00:00,North,Widget Pro,C1035,182.0,400,72585.25,47015.38,25569.86
2023-01-07 09:00:00,North,Gadget,C1011,194.0,250,49153.71,30660.06,18493.65
2023-01-07 10:00:00,South,Gadget,C1020,123.0,250,30199.75,17083.7,13116.06
2023-01-07 11:00:00,North,Gadget,C1070,103.0,250,25204.66,17436.06,7768.6
2023-01-07 12:00:00,North,Widget,C1051,255.0,100,24868.62,14110.16,10758.46
2023-01-07 13:00:00,West,Widget Pro,C1059,89.0,400,33824.1,23014.09,10810.01
2023-01-07 14:00:00,South,Widget,C1056,112.0,100,11045.19,7328.12,3717.08
2023-01-07 15:00:00,East,Widget,C1056,147.0,100,14772.35,10180.38,4591.97
2023-01-07 16:00:00,West,Gadget,C1030,100.0,250,23822.17,15353.47,8468.7
2023-01-07 17:00:00,East,Widget,C1028,170.0,100,16173.25,9885.07,6288.18
2023-01-07 18:00:00,West,Gadget Mini,C1019,151.0,180,27075.22,15368.43,11706.78
2023-01-07 19:00:00,South,Widget Pro,C1061,155.0,400,62055.01,36675.36,25379.65
2023-01-07 20:00:00,West,Widget,C1076,117.0,100,11759.98,7144.63,4615.35
2023-01-07 21:00:00,South,Gadget Mini,C1053,148.0,180,27609.77,16329.44,11280.33
2023-01-07 22:00:00,North,Widget Pro,C1038,198.0,400,77356.01,42575.57,34780.44
2023-01-07 23:00:00,West,Gadget,C1057,106.0,250,26923.84,18302.53,8621.31
2023-01-08 00:00:00,South,Widget,C1058,101.0,100,10152.44,6411.41,3741.03
2023-01-08 01:00:00,West,Gadget Mini,C1049,60.0,180,11319.24,6631.04,4688.19
2023-01-08 02:00:00,North,Widget Pro,C1048,171.0,400,65278.55,43195.19,22083.36
2023-01-08 03:00:00,South,Gadget,C1063,155.0,250,39992.9,27879.96,12112.94
2023-01-08 04:00:00,West,Widget,C1012,121.0,100,12663.08,7595.3,5067.77
2023-01-08 05:00:00,West,Gadget,C1018,136.0,250,34088.23,21084.91,13003.32
2023-01-08 06:00:00,South,Gadget,C1033,219.0,250,52857.63,32794.12,20063.51
2023-01-08 07:00:00,North,Gadget,C1068,303.0,250,76885.01,52109.95,24775.06
2023-01-08 08:00:00,South,Widget,C1069,160.0,100,16349.95,10854.9,5495.05
2023-01-08 09:00:00,North,Widget,C1029,261.0,100,26442.33,18196.01,8246.32
2023-01-08 10:00:00,East,Gadget,C1012,69.0,250,16557.31,10680.5,5876.82
2023-01-08 11:00:00,South,Gadget,C1007,212.0,250,55138.15,30706.36,24431.79
2023-01-08 12:00:00,North,Widget,C1072,187.0,100,18037.22,11357.58,6679.63
2023-01-08 13:00:00,East,Widget,C1048,67.0,100,6482.3,4157.9,2324.4
2023-01-08 14:00:00,East,Widget,C1059,80.0,100,8330.26,4760.48,3569.79
2023-01-08 15:00:00,East,Gadget,C1059,142.0,250,36092.28,24717.31,11374.98
2023-01-08 16:00:00,West,Gadget,C1044,118.0,250,28491.03,17557.87,10933.16
2023-01-08 17:00:00,West,Widget,C1058,145.0,100,15169.94,9914.27,5255.67
2023-01-08 18:00:00,West,Widget,C1030,135.0,100,13344.34,8306.6,5037.74
2023-01-08 19:00:00,South,Widget,C1002,185.0,100,18122.36,11868.19,6254.18
2023-01-08 20:00:00,West,Gadget,C1006,74.0,250,18082.79,11480.57,6602.22
2023-01-08 21:00:00,West,Widget Pro,C1029,42.0,400,17359.17,11898.67,5460.5
2023-01-08 22:00:00,East,Widget,C1017,64.0,100,6487.44,4172.29,2315.15
2023-01-08 23:00:00,East,Gadget Mini,C1056,95.0,180,17350.24,10346.64,7003.6
2023-01-09 00:00:00,North,Widget,C1041,165.0,100,15891.83,10908.85,4982.98
2023-01-09 01:00:00,East,Widget,C1046,56.0,100,5394.01,3403.14,1990.87
2023-01-09 02:00:00,South,Gadget Mini,,166.0,180,30867.45,18166.9,12700.55
2023-01-09 03:00:00,West,Widget,C1059,120.0,100,12444.48,8345.7,4098.78
2023-01-09 04:00:00,West,Widget,C1050,102.0,100,10675.83,7249.11,3426.72
2023-01-09 05:00:00,West,Widget Pro,C1001,131.0,400,51696.66,34564.51,17132.15
2023-01-09 06:00:00,North,Widget,C1033,289.0,100,28520.21,18890.41,9629.8
2023-01-09 07:00:00,South,Widget Pro,C1029,142.0,400,59300.86,33579.22,25721.63
2023-01-09 08:00:00,South,Gadget,C1078,174.0,250,45427.79,27220.37,18207.41
2023-01-09 09:00:00,North,Widget,C1038,212.0,100,21886.57,15023.12,6863.45
2023-01-09 10:00:00,East,Widget,C1063,106.0,100,10118.07,5621.41,4496.65
2023-01-09 11:00:00,North,Widget,C1047,200.0,100,20075.09,12211.62,7863.48
2023-01-09 12:00:00,East,Widget Pro,C1019,38.0,400,15877.88,9731.06,6146.82
2023-01-09 13:00:00,West,Gadget,C1035,56.0,250,14467.17,9292.96,5174.21
2023-01-09 14:00:00,North,Widget,C1046,248.0,100,24659.59,17078.82,7580.77
2023-01-09 15:00:00,North,Gadget,C1045,286.0,250,71817.93,50033.86,21784.07
2023-01-09 16:00:00,North,Widget,C1058,315.0,100,32974.85,22830.19,10144.66
2023-01-09 17:00:00,North,Widget,C1006,508.0,100,51508.62,35832.7,15675.93
2023-01-09 18:00:00,East,Widget,C1008,159.0,100,15305.22,9714.02,5591.2
2023-01-09 19:00:00,West,Gadget,C1029,138.0,250,34798.02,23382.81,11415.21
2023-01-09 20:00:00,North,Widget,C1018,272.0,100,28289.44,15571.23,12718.22
2023-01-09 21:00:00,West,Gadget,C1003,93.0,250,23944.04,13564.04,10380.01
2023-01-09 22:00:00,North,Widget,C1002,135.0,100,13889.38,8865.98,5023.4
2023-01-09 23:00:00,North,Widget,C1008,184.0,100,18844.76,11851.71,6993.05
2023-01-10 00:00:00,South,Widget Pro,C1064,80.0,400,32042.36,18147.45,13894.91
2023-01-10 01:00:00,North,Gadget,C1066,168.0,250,42954.42,29480.17,13474.25
2023-01-10 02:00:00,North,Gadget,C1051,193.0,250,45987.8,32181.71,13806.09
2023-01-10 03:00:00,South,Widget,C1010,191.0,100,19505.69,12025.93,7479.76
2023-01-10 04:00:00,North,Widget,C1074,413.0,100,39756.17,25588.97,14167.21
2023-01-10 05:00:00,South,Widget,C1058,141.0,100,14797.43,9316.22,5481.21
2023-01-10 06:00:00,South,Gadget,C1070,235.0,250,60471.94,34297.39,26174.55
2023-01-10 07:00:00,East,Widget,C1043,84.0,100,8359.31,4884.13,3475.18
2023-01-10 08:00:00,West,Widget,C1040,83.0,100,8490.58,5067.88,3422.7
2023-01-10 09:00:00,East,Widget,C1008,120.0,100,11583.17,7974.41,3608.76
2023-01-10 10:00:00,North,Widget,C1047,,100,15493.73,10252.02,5241.71
2023-01-10 11:00:00,West,Gadget,C1042,36.0,250,9077.82,5757.5,3320.32
2023-01-10 12:00:00,East,Gadget,C1054,56.0,250,14523.05,10037.89,4485.16
2023-01-10 13:00:00,West,Widget Pro,C1045,94.0,400,39361.18,25193.58,14167.6
2023-01-10 14:00:00,North,Gadget,C1013,179.0,250,43204.92,26887.65,16317.27
2023-01-10 15:00:00,South,Gadget,C1028,196.0,250,47112.94,27880.74,19232.2
2023-01-10 16:00:00,West,Widget Pro,C1078,124.0,400,51953.75,34952.61,17001.14
2023-01-10 17:00:00,East,Gadget,C1034,130.0,250,32854.23,21311.71,11542.52
2023-01-10 18:00:00,North,Widget,C1044,404.0,100,41460.13,28534.13,12926.0
2023-01-10 19:00:00,North,Gadget Mini,C1018,293.0,180,53089.78,32391.01,20698.77
2023-01-10 20:00:00,East,Enterprise Suite,C1048,54.0,1500,77693.24,48913.52,28779.72
2023-01-10 21:00:00,South,Widget,C1072,139.0,100,13719.37,9030.63,4688.74
2023-01-10 22:00:00,South,Gadget Mini,C1006,85.0,180,14773.04,9796.97,4976.07
2023-01-10 23:00:00,East,Widget,C1056,94.0,100,9552.22,5949.59,3602.63
2023-01-11 00:00:00,South,Widget,C1014,79.0,100,7909.75,4759.9,3149.85
2023-01-11 01:00:00,North,Gadget,C1005,175.0,250,43691.52,28402.54,15288.98
2023-01-11 02:00:00,North,Enterprise Suite,C1027,247.0,1500,354004.67,205557.58,148447.09
2023-01-11 03:00:00,East,Widget Pro,C1063,153.0,400,59911.42,34029.54,25881.87
2023-01-11 04:00:00,East,Widget,C1064,110.0,100,10868.23,7124.67,3743.55
2023-01-11 05:00:00,South,Gadget,C1005,202.0,250,49763.54,30333.9,19429.64
2023-01-11 06:00:00,South,Gadget,C1054,189.0,250,45255.4,27015.62,18239.78
2023-01-11 07:00:00,South,Widget Pro,C1002,161.0,400,63869.95,36231.89,27638.06
2023-01-11 08:00:00,West,Widget,C1046,136.0,100,14208.76,8795.43,5413.33
2023-01-11 09:00:00,North,Widget Pro,C1067,203.0,400,79115.73,50502.0,28613.73
2023-01-11 10:00:00,North,Gadget Mini,C1021,83.0,180,183686.79,8927.73,174759.06
2023-01-11 11:00:00,North,Gadget,C1044,193.0,250,48397.67,28026.39,20371.28
2023-01-11 12:00:00,South,Enterprise Suite,C1013,196.0,1500,298276.02,170659.66,127616.36
2023-01-11 13:00:00,North,Widget,C1009,238.0,100,24043.71,15965.8,8077.91
2023-01-11 14:00:00,North,Widget Pro,C1074,136.0,400,54368.0,36055.05,18312.94
2023-01-11 15:00:00,South,Gadget Mini,C1079,168.0,180,30435.02,19639.56,10795.46
2023-01-11 16:00:00,North,Enterprise Suite,C1060,356.0,1500,524181.82,322877.35,201304.47
2023-01-11 17:00:00,South,Widget,C1064,187.0,100,18278.64,10207.26,8071.38
2023-01-11 18:00:00,North,Gadget,C1036,311.0,250,74154.9,44886.75,29268.15
2023-01-11 19:00:00,North,Gadget Mini,C1064,301.0,180,56104.98,36033.49,20071.49
2023-01-11 20:00:00,South,Gadget,C1005,122.0,250,31885.41,21071.09,10814.31
2023-01-11 21:00:00,South,Widget Pro,C1060,129.0,400,52383.48,31337.32,21046.16
2023-01-11 22:00:00,South,Enterprise Suite,C1043,1.0,1500,1492.58,1002.48,490.1
2023-01-11 23:00:00,West,Widget,C1056,37.0,100,3754.07,2086.78,1667.29
2023-01-12 00:00:00,West,Gadget,C1036,60.0,250,15164.71,9168.35,5996.36
2023-01-12 01:00:00,South,Widget Pro,C1042,82.0,400,33386.78,18624.98,14761.81
2023-01-12 02:00:00,North,Widget,C1077,309.0,100,31451.19,18638.67,12812.52
2023-01-12 03:00:00,West,Widget,C1044,77.0,100,7763.71,4434.74,3328.97
2023-01-12 04:00:00,North,Gadget,C1010,262.0,250,66561.99,37896.58,28665.4
2023-01-12 05:00:00,North,Widget,C1067,304.0,100,31286.65,21023.93,10262.72
2023-01-12 06:00:00,North,Gadget,C1039,365.0,250,91327.46,50479.84,40847.61
2023-01-12 07:00:00,North,Widget,C1028,179.0,100,18701.33,11649.82,7051.51
2023-01-12 08:00:00,West,Widget,C1064,122.0,100,11950.87,7985.78,3965.08
2023-01-12 09:00:00,East,Widget Pro,C1043,91.0,400,37796.6,21002.14,16794.46
2023-01-12 10:00:00,West,Gadget,C1023,42.0,250,10602.11,6076.47,4525.64
2023-01-12 11:00:00,West,Widget Pro,C1056,72.0,400,29690.05,17066.76,12623.29
2023-01-12 12:00:00,North,Widget,C1078,164.0,100,16760.12,11655.63,5104.49
2023-01-12 13:00:00,North,Widget Pro,C1039,148.0,400,58897.65,37111.51,21786.14
2023-01-12 14:00:00,West,Widget Pro,C1073,96.0,400,39951.26,23135.87,16815.39
2023-01-12 15:00:00,West,Gadget,C1067,102.0,250,24943.52,15147.72,9795.8
2023-01-12 16:00:00,South,Widget,C1032,213.0,100,20660.36,13237.08,7423.28
2023-01-12 17:00:00,North,Gadget,C1066,333.0,250,82177.84,56714.55,25463.29
2023-01-12 18:00:00,West,Widget,C1065,161.0,100,16523.62,9764.11,6759.5
2023-01-12 19:00:00,North,Gadget,C1057,190.0,250,49620.46,28943.9,20676.56
2023-01-12 20:00:00,West,Gadget Mini,C1047,145.0,180,25877.88,15771.74,10106.14
2023-01-12 21:00:00,North,Enterprise Suite,C1012,74.0,1500,109611.53,60749.79,48861.74
2023-01-12 22:00:00,West,Gadget,C1036,62.0,250,15951.64,9102.64,6849.0
2023-01-12 23:00:00,West,Gadget,C1060,75.0,250,19370.83,12858.87,6511.97
2023-01-13 00:00:00,South,Widget,C1019,122.0,100,11686.66,6876.29,4810.36
2023-01-13 01:00:00,South,Widget Pro,C1036,107.0,400,42918.86,24321.18,18597.69
2023-01-13 02:00:00,North,Widget,C1079,208.0,100,20255.95,13082.16,7173.79
2023-01-13 03:00:00,South,Widget,,168.0,100,17480.65,11179.06,6301.58
2023-01-13 04:00:00,East,Gadget,C1000,127.0,250,32443.88,19261.63,13182.25
2023-01-13 05:00:00,East,Widget,C1010,171.0,100,16957.33,11016.43,5940.9
2023-01-13 06:00:00,South,Widget,C1064,222.0,100,23206.56,14657.55,8549.01
2023-01-13 07:00:00,South,Widget,C1047,160.0,100,15952.22,10294.77,5657.44
2023-01-13 08:00:00,North,Widget,C1013,269.0,100,27676.12,16653.28,11022.83
2023-01-13 09:00:00,East,Widget Pro,C1069,99.0,400,38936.77,21674.17,17262.6
2023-01-13 10:00:00,North,Gadget,C1061,198.0,250,51135.4,33376.2,17759.2
2023-01-13 11:00:00,East,Widget Pro,C1058,88.0,400,33662.11,22433.39,11228.72
2023-01-13 12:00:00,North,Widget,C1040,107.0,100,11011.49,7519.4,3492.09
2023-01-13 13:00:00,West,Gadget,C1032,65.0,250,17044.82,10763.03,6281.79
2023-01-13 14:00:00,North,Gadget,C1006,261.0,250,63854.37,43377.6,20476.77
2023-01-13 15:00:00,West,Widget,C1051,126.0,100,12126.84,7339.2,4787.64
2023-01-13 16:00:00,East,Gadget Mini,C1063,142.0,180,25270.26,17589.58,7680.68
2023-01-13 17:00:00,East,Widget,C1010,151.0,100,15548.91,9173.98,6374.93
2023-01-13 18:00:00,East,Widget,C1069,178.0,100,17982.37,12108.45,5873.92
2023-01-13 19:00:00,North,Widget,C1057,225.0,100,22112.82,13142.67,8970.15
2023-01-13 20:00:00,East,Gadget,C1005,125.0,250,31843.02,19192.81,12650.21
2023-01-13 21:00:00,East,Gadget Mini,C1007,85.0,180,15475.72,9521.3,5954.42
2023-01-13 22:00:00,North,Gadget,C1020,141.0,250,34768.17,23300.39,11467.78
2023-01-13 23:00:00,West,Widget,C1004,87.0,100,8793.59,5867.05,2926.53
2023-01-14 00:00:00,North,Widget,C1072,198.0,100,20087.42,12139.28,7948.14
2023-01-14 01:00:00,North,Widget,C1056,226.0,100,22486.83,13619.03,8867.8
2023-01-14 02:00:00,East,Gadget,C1035,145.0,250,36356.79,22166.92,14189.87
2023-01-14 03:00:00,North,Widget,C1049,259.0,100,26510.4,16565.2,9945.2
2023-01-14 04:00:00,West,Widget,C1027,139.0,100,14282.2,9363.49,4918.71
2023-01-14 05:00:00,West,Widget,C1015,120.0,100,12499.77,7795.86,4703.91
2023-01-14 06:00:00,North,Widget,C1011,304.0,100,29404.88,19319.16,10085.71
2023-01-14 07:00:00,West,Enterprise Suite,C1008,108.0,1500,169882.51,110453.53,59428.98
2023-01-14 08:00:00,South,Widget,C1022,163.0,100,15973.93,9163.06,6810.87
2023-01-14 09:00:00,East,Gadget,C1017,107.0,250,25737.14,14931.33,10805.82
2023-01-14 10:00:00,North,Gadget,C1059,108.0,250,26624.42,16928.91,9695.51
2023-01-14 11:00:00,West,Gadget,C1039,111.0,250,28060.66,15796.25,12264.41
2023-01-14 12:00:00,South,Widget Pro,C1052,71.0,400,28339.41,17332.93,11006.48
2023-01-14 13:00:00,West,Widget,C1057,49.0,100,5131.47,3316.73,1814.74
2023-01-14 14:00:00,South,Gadget,C1070,206.0,250,49585.92,33438.67,16147.26
2023-01-14 15:00:00,East,Widget,C1007,151.0,100,15804.06,9717.8,6086.26
2023-01-14 16:00:00,West,Gadget,C1028,138.0,250,33824.23,19425.09,14399.14
2023-01-14 17:00:00,North,Gadget Mini,C1032,331.0,180,61932.97,41921.81,20011.16
2023-01-14 18:00:00,North,Enterprise Suite,C1078,286.0,1500,419323.95,269941.2,149382.75
2023-01-14 19:00:00,South,Gadget,C1019,152.0,250,36740.82,25396.76,11344.06
2023-01-14 20:00:00,North,Gadget,C1072,224.0,250,58251.21,34988.17,23263.03
2023-01-14 21:00:00,North,Gadget Mini,C1073,144.0,180,24834.53,17192.5,7642.03
2023-01-14 22:00:00,North,Widget,C1003,206.0,100,20748.6,13335.46,7413.14
2023-01-14 23:00:00,South,Gadget,C1061,98.0,250,23984.7,16633.33,7351.37
2023-01-15 00:00:00,North,Widget Pro,C1007,107.0,400,42398.08,26203.35,16194.72
2023-01-15 01:00:00,North,Gadget,C1018,163.0,250,40605.1,24404.84,16200.26
2023-01-15 02:00:00,North,Widget Pro,C1051,242.0,400,99067.05,67278.08,31788.97
2023-01-15 03:00:00,North,Widget,C1059,,100,22839.95,13655.26,9184.69
2023-01-15 04:00:00,North,Gadget,C1049,241.0,250,58086.29,32388.38,25697.91
2023-01-15 05:00:00,West,Gadget,C1041,134.0,250,35050.0,24021.4,11028.6
2023-01-15 06:00:00,West,Widget Pro,C1065,129.0,400,49999.54,28694.81,21304.74
2023-01-15 07:00:00,South,Gadget Mini,C1050,167.0,180,30052.1,16934.58,13117.52
2023-01-15 08:00:00,South,Enterprise Suite,C1006,141.0,1500,205475.3,123888.1,81587.2
2023-01-15 09:00:00,North,Gadget,C1036,194.0,250,50162.82,32649.88,17512.94
2023-01-15 10:00:00,South,Widget Pro,C1046,53.0,400,21053.57,14366.29,6687.28
2023-01-15 11:00:00,East,Widget,C1024,32.0,100,3168.19,2013.52,1154.67
2023-01-15 12:00:00,South,Widget,C1070,82.0,100,8106.81,5006.38,3100.42
2023-01-15 13:00:00,North,Enterprise Suite,C1012,169.0,1500,258073.11,146539.5,111533.61
2023-01-15 14:00:00,South,Widget Pro,C1018,172.0,400,67692.91,46765.12,20927.78
2023-01-15 15:00:00,North,Gadget,C1017,339.0,250,84750.66,47188.79,37561.87
2023-01-15 16:00:00,East,Widget Pro,C1065,166.0,400,66528.37,38076.92,28451.45
2023-01-15 17:00:00,North,Gadget Mini,C1078,288.0,180,50899.26,30994.76,19904.5
2023-01-15 18:00:00,East,Widget,C1068,142.0,100,13967.65,9417.6,4550.05
2023-01-15 19:00:00,South,Gadget,C1042,147.0,250,36657.73,20253.23,16404.5
2023-01-15 20:00:00,East,Enterprise Suite,C1003,109.0,1500,164868.53,110381.66,54486.87
2023-01-15 21:00:00,South,Widget,C1074,120.0,100,12186.71,8479.62,3707.09
2023-01-15 22:00:00,South,Widget Pro,C1079,124.0,400,50014.28,28787.06,21227.22
2023-01-15 23:00:00,East,Widget,C1073,48.0,100,4954.4,2904.91,2049.49
2023-01-16 00:00:00,West,Widget,C1019,78.0,100,7424.77,4432.99,2991.78
2023-01-16 01:00:00,South,Widget,C1060,193.0,100,19303.51,12387.48,6916.03
2023-01-16 02:00:00,West,Widget Pro,C1026,92.0,400,35189.2,20082.91,15106.29
2023-01-16 03:00:00,South,Enterprise Suite,C1022,204.0,1500,305338.15,185194.83,120143.32
2023-01-16 04:00:00,South,Gadget,C1033,236.0,250,59273.01,38609.27,20663.74
2023-01-16 05:00:00,East,Widget,C1028,137.0,100,13352.73,8461.8,4890.93
2023-01-16 06:00:00,West,Enterprise Suite,C1062,129.0,1500,198747.22,130325.54,68421.68
2023-01-16 07:00:00,North,Widget,C1035,259.0,100,27023.28,18086.98,8936.31
2023-01-16 08:00:00,North,Gadget,C1050,225.0,250,56492.95,38661.74,17831.2
2023-01-16 09:00:00,West,Enterprise Suite,C1036,60.0,1500,92741.54,55048.4,37693.14
2023-01-16 10:00:00,West,Widget,C1061,66.0,100,6879.85,4460.86,2418.98
2023-01-16 11:00:00,North,Widget Pro,C1034,170.0,400,66443.7,42145.42,24298.28
2023-01-16 12:00:00,North,Gadget,C1067,233.0,250,58755.79,34452.56,24303.23
2023-01-16 13:00:00,North,Widget,C1060,234.0,100,22464.46,13468.44,8996.03
2023-01-16 14:00:00,North,Widget Pro,C1020,338.0,400,128510.05,81289.4,47220.65
2023-01-16 15:00:00,South,Gadget Mini,C1025,157.0,180,29329.36,18231.64,11097.72
2023-01-16 16:00:00,East,Widget,C1011,167.0,100,16341.64,9132.93,7208.72
2023-01-16 17:00:00,East,Widget,C1004,153.0,100,15665.19,10613.95,5051.24
2023-01-16 18:00:00,West,Widget,C1004,175.0,100,18168.93,10471.99,7696.93
2023-01-16 19:00:00,West,Widget,C1037,92.0,100,9195.75,6349.59,2846.17
2023-01-16 20:00:00,West,Widget,C1042,75.0,100,7550.97,4274.57,3276.4
2023-01-16 21:00:00,North,Enterprise Suite,C1017,148.0,1500,222961.27,139147.2,83814.07
2023-01-16 22:00:00,West,Gadget,C1020,15.0,250,3634.8,2060.56,1574.24
2023-01-16 23:00:00,East,Gadget,C1043,57.0,250,14561.5,8039.59,6521.91
2023-01-17 00:00:00,East,Gadget,C1051,55.0,250,14103.76,8128.34,5975.42
2023-01-17 01:00:00,West,Gadget,C1023,81.0,250,19413.14,12626.08,6787.06
2023-01-17 02:00:00,West,Gadget,C1049,103.0,250,26872.25,14807.27,12064.98
2023-01-17 03:00:00,North,Widget Pro,C1073,361.0,400,150956.26,89863.04,61093.23
2023-01-17 04:00:00,North,Gadget,,338.0,250,86128.89,48173.5,37955.4
2023-01-17 05:00:00,South,Widget,C1039,192.0,100,19557.26,13464.51,6092.75
2023-01-17 06:00:00,East,Gadget,C1028,118.0,250,30799.88,18637.98,12161.9
2023-01-17 07:00:00,North,Widget,C1077,285.0,100,27511.58,18217.07,9294.51
2023-01-17 08:00:00,South,Widget Pro,C1027,107.0,400,44566.77,29574.62,14992.15
2023-01-17 09:00:00,East,Gadget,C1067,141.0,250,35587.75,23776.37,11811.37
2023-01-17 10:00:00,South,Widget Pro,C1007,158.0,400,60533.61,38416.16,22117.45
2023-01-17 11:00:00,West,Gadget Mini,C1021,50.0,180,8731.94,5505.48,3226.46
2023-01-17 12:00:00,North,Gadget,C1074,59.0,250,14183.95,8238.19,5945.77
2023-01-17 13:00:00,South,Gadget Mini,C1016,186.0,180,33297.48,18591.49,14705.98
2023-01-17 14:00:00,South,Gadget,C1039,155.0,250,37036.23,22938.64,14097.59
2023-01-17 15:00:00,East,Widget,C1074,163.0,100,16815.82,11129.9,5685.92
2023-01-17 16:00:00,North,Gadget,C1007,198.0,250,50491.91,31869.2,18622.7
2023-01-17 17:00:00,West,Widget,C1052,114.0,100,11894.5,6598.6,5295.91
2023-01-17 18:00:00,North,Widget,C1053,286.0,100,29004.76,19125.55,9879.21
2023-01-17 19:00:00,South,Gadget Mini,C1048,189.0,180,33844.92,23270.66,10574.26
2023-01-17 20:00:00,South,Gadget,C1044,141.0,250,35820.32,22598.86,13221.46
2023-01-17 21:00:00,North,Enterprise Suite,C1028,215.0,1500,319051.14,181572.66,137478.48
2023-01-17 22:00:00,West,Widget Pro,C1069,40.0,400,16765.59,10385.45,6380.13
2023-01-17 23:00:00,South,Widget,C1019,98.0,100,9535.07,5903.1,3631.97
2023-01-18 00:00:00,North,Gadget Mini,C1053,159.0,180,29264.02,16590.55,12673.47
2023-01-18 01:00:00,East,Gadget Mini,C1008,104.0,180,19448.29,11398.64,8049.65
2023-01-18 02:00:00,North,Widget,C1006,259.0,100,26153.26,17143.28,9009.98
2023-01-18 03:00:00,North,Widget,C1007,196.0,100,19480.37,12291.41,7188.96
2023-01-18 04:00:00,North,Enterprise Suite,C1073,202.0,1500,294945.09,202762.82,92182.27
2023-01-18 05:00:00,North,Gadget,C1038,367.0,250,93332.98,55822.43,37510.55
2023-01-18 06:00:00,West,Enterprise Suite,C1035,131.0,1500,196917.58,120520.26,76397.32
2023-01-18 07:00:00,North,Gadget Mini,C1054,217.0,180,40543.16,27842.48,12700.69
2023-01-18 08:00:00,South,Widget,C1048,222.0,100,21854.6,14128.94,7725.66
2023-01-18 09:00:00,East,Widget,C1048,93.0,100,9222.18,5278.62,3943.57
2023-01-18 10:00:00,North,Gadget,C1018,218.0,250,53088.28,30993.03,22095.25
2023-01-18 11:00:00,West,Gadget Mini,C1071,63.0,180,11410.75,7932.38,3478.36
2023-01-18 12:00:00,South,Widget,C1010,193.0,100,18827.14,11287.61,7539.53
2023-01-18 13:00:00,West,Widget Pro,C1024,120.0,400,46043.83,30328.5,15715.32
2023-01-18 14:00:00,North,Widget,C1009,206.0,100,20816.24,11572.42,9243.82
2023-01-18 15:00:00,North,Widget Pro,C1061,311.0,400,127190.36,80616.76,46573.6
2023-01-18 16:00:00,North,Gadget Mini,C1027,322.0,180,56819.28,38997.86,17821.42
2023-01-18 17:00:00,West,Enterprise Suite,C1061,160.0,1500,230815.59,161556.09,69259.49
2023-01-18 18:00:00,West,Gadget,C1030,100.0,250,25509.42,15547.86,9961.56
2023-01-18 19:00:00,South,Widget Pro,C1045,215.0,400,84973.69,53537.46,31436.23
2023-01-18 20:00:00,North,Widget,C1060,278.0,100,28864.22,17892.95,10971.27
2023-01-18 21:00:00,East,Widget,C1005,42.0,100,4075.31,2432.71,1642.6
2023-01-18 22:00:00,South,Widget,C1074,64.0,100,6173.39,3636.84,2536.55
2023-01-18 23:00:00,South,Gadget,C1048,22.0,250,5308.83,3182.53,2126.29
2023-01-19 00:00:00,South,Widget,C1043,100.0,100,10050.64,6950.22,3100.43
2023-01-19 01:00:00,North,Widget Pro,C1062,220.0,400,92105.27,59523.42,32581.86
2023-01-19 02:00:00,South,Widget Pro,C1069,220.0,400,86699.15,49504.68,37194.47
2023-01-19 03:00:00,South,Gadget Mini,C1007,190.0,180,34344.11,22195.62,12148.49
2023-01-19 04:00:00,South,Widget Pro,C1006,273.0,400,104551.69,70331.86,34219.83
2023-01-19 05:00:00,East,Gadget,C1019,110.0,250,28442.0,16630.46,11811.53
2023-01-19 06:00:00,North,Gadget,C1078,192.0,250,47391.36,30457.26,16934.11
2023-01-19 07:00:00,West,Gadget,C1052,110.0,250,26168.26,16481.61,9686.66
2023-01-19 08:00:00,North,Gadget,C1002,241.0,250,58892.81,41026.02,17866.79
2023-01-19 09:00:00,South,Gadget,C1022,130.0,250,32274.36,22300.19,9974.17
2023-01-19 10:00:00,North,Widget,C1067,39.0,100,3763.07,2178.03,1585.04
2023-01-19 11:00:00,North,Widget,C1051,138.0,100,14207.01,7982.25,6224.76
2023-01-19 12:00:00,South,Widget,C1010,59.0,100,6016.37,3579.72,2436.65
2023-01-19 13:00:00,East,Gadget Mini,C1048,109.0,180,20129.31,11353.43,8775.87
2023-01-19 14:00:00,South,Gadget,C1010,174.0,250,44094.85,28900.95,15193.91
2023-01-19 15:00:00,South,Gadget,C1012,150.0,250,38566.41,24484.99,14081.43
2023-01-19 16:00:00,West,Gadget Mini,C1072,111.0,180,19440.07,13320.16,6119.91
2023-01-19 17:00:00,South,Widget,C1069,173.0,100,16563.62,11409.65,5153.97
2023-01-19 18:00:00,South,Widget,C1026,205.0,100,21378.97,12766.94,8612.03
2023-01-19 19:00:00,South,Widget Pro,C1009,226.0,400,92322.91,56293.38,36029.53
2023-01-19 20:00:00,North,Gadget,C1069,,250,41525.12,28129.8,13395.32
2023-01-19 21:00:00,North,Widget Pro,C1010,209.0,400,80589.99,56273.71,24316.28
2023-01-19 22:00:00,South,Enterprise Suite,C1009,90.0,1500,128974.9,79392.21,49582.69
2023-01-19 23:00:00,North,Widget Pro,C1041,99.0,400,41401.24,25234.28,16166.96
2023-01-20 00:00:00,North,Widget,C1045,147.0,100,15424.1,9618.32,5805.78
2023-01-20 01:00:00,South,Widget,C1048,90.0,100,8717.16,5560.52,3156.65
2023-01-20 02:00:00,North,Gadget,C1010,189.0,250,48658.31,31966.87,16691.44
2023-01-20 03:00:00,North,Widget,C1049,192.0,100,19745.07,11316.72,8428.35
2023-01-20 04:00:00,North,Widget,C1046,394.0,100,37450.47,22329.47,15121.0
2023-01-20 05:00:00,East,Widget,C1071,149.0,100,14285.07,8780.28,5504.8
2023-01-20 06:00:00,South,Gadget,C1011,180.0,250,42868.18,25853.25,17014.93
2023-01-20 07:00:00,South,Widget Pro,C1052,196.0,400,81251.55,44838.76,36412.79
2023-01-20 08:00:00,South,Widget,C1031,155.0,100,16121.76,11056.0,5065.76
2023-01-20 09:00:00,South,Widget,C1038,123.0,100,12153.3,6937.42,5215.88
2023-01-20 10:00:00,North,Widget,C1038,187.0,100,18077.68,10691.04,7386.64
2023-01-20 11:00:00,South,Widget,C1063,134.0,100,13067.28,7670.34,5396.94
2023-01-20 12:00:00,South,Widget,C1050,90.0,100,8646.28,5150.57,3495.7
2023-01-20 13:00:00,North,Gadget,C1042,149.0,250,38382.68,23007.78,15374.9
2023-01-20 14:00:00,South,Widget Pro,C1038,148.0,400,60094.14,38409.71,21684.43
2023-01-20 15:00:00,North,Gadget Mini,C1050,131.0,180,22874.61,13659.06,9215.55
2023-01-20 16:00:00,West,Widget,C1073,87.0,100,8869.61,5531.54,3338.07
2023-01-20 17:00:00,East,Widget,C1046,186.0,100,18191.36,12149.64,6041.71
2023-01-20 18:00:00,North,Gadget,C1070,377.0,250,95119.24,60100.56,35018.68
2023-01-20 19:00:00,North,Widget Pro,C1037,244.0,400,101923.44,59263.1,42660.33
2023-01-20 20:00:00,West,Widget,C1063,108.0,100,11175.61,7479.35,3696.26
2023-01-20 21:00:00,North,Widget,C1054,198.0,100,19310.31,11067.15,8243.16
2023-01-20 22:00:00,East,Widget,C1051,161.0,100,16890.03,10503.66,6386.37
2023-01-20 23:00:00,South,Gadget Mini,C1004,148.0,180,27624.7,16926.9,10697.8
2023-01-21 00:00:00,East,Widget,C1010,73.0,100,7588.72,4784.96,2803.76
2023-01-21 01:00:00,North,Widget,C1078,128.0,100,13010.81,7480.57,5530.23
2023-01-21 02:00:00,North,Enterprise Suite,C1042,131.0,1500,199987.32,121980.8,78006.52
2023-01-21 03:00:00,West,Gadget,C1065,116.0,250,27580.59,16239.75,11340.84
2023-01-21 04:00:00,East,Gadget,C1047,122.0,250,31072.38,18120.0,12952.37
2023-01-21 05:00:00,South,Widget Pro,,159.0,400,64163.43,40106.63,24056.8
2023-01-21 06:00:00,West,Gadget,C1010,108.0,250,26447.67,18198.17,8249.5
2023-01-21 07:00:00,North,Gadget Mini,C1058,199.0,180,34536.48,20610.8,13925.68
2023-01-21 08:00:00,East,Gadget,C1057,156.0,250,38408.37,21687.04,16721.34
2023-01-21 09:00:00,North,Widget,C1043,229.0,100,23610.33,13393.26,10217.07
2023-01-21 10:00:00,East,Gadget,C1031,76.0,250,18362.27,12809.25,5553.03
2023-01-21 11:00:00,South,Gadget,C1059,163.0,250,40061.28,24595.84,15465.44
2023-01-21 12:00:00,North,Gadget,C1055,157.0,250,38011.47,24558.14,13453.33
2023-01-21 13:00:00,South,Widget Pro,C1054,97.0,400,40286.42,24874.29,15412.12
2023-01-21 14:00:00,South,Widget Pro,C1008,220.0,400,85410.9,56614.52,28796.39
2023-01-21 15:00:00,South,Widget Pro,C1025,209.0,400,83908.39,50753.58,33154.81
2023-01-21 16:00:00,South,Widget,C1040,167.0,100,17305.6,10887.95,6417.66
2023-01-21 17:00:00,South,Gadget,C1058,208.0,250,52452.42,31586.26,20866.17
2023-01-21 18:00:00,East,Widget Pro,C1078,119.0,400,48580.5,28886.78,19693.72
2023-01-21 19:00:00,South,Gadget,C1014,132.0,250,32383.51,18969.81,13413.71
2023-01-21 20:00:00,North,Gadget,C1017,270.0,250,67573.07,41404.44,26168.63
2023-01-21 21:00:00,South,Gadget,C1022,208.0,250,51930.69,32747.85,19182.84
2023-01-21 22:00:00,South,Gadget,C1057,55.0,250,13255.41,7915.96,5339.45
2023-01-21 23:00:00,East,Gadget Mini,C1024,86.0,180,16179.45,10074.8,6104.65
2023-01-22 00:00:00,West,Enterprise Suite,C1062,50.0,1500,75040.79,46843.87,28196.91
2023-01-22 01:00:00,South,Widget Pro,C1003,112.0,400,44749.37,25167.07,19582.3
2023-01-22 02:00:00,East,Widget,C1036,93.0,100,8865.41,5174.97,3690.43
2023-01-22 03:00:00,North,Gadget,C1070,210.0,250,53773.22,35753.17,18020.06
2023-01-22 04:00:00,South,Gadget,C1046,210.0,250,51281.42,32382.47,18898.95
2023-01-22 05:00:00,South,Widget Pro,C1027,182.0,400,74692.83,46026.09,28666.74
2023-01-22 06:00:00,West,Widget,C1038,130.0,100,13429.09,8899.48,4529.61
2023-01-22 07:00:00,West,Widget,C1011,110.0,100,10739.1,7295.39,3443.71
2023-01-22 08:00:00,South,Enterprise Suite,C1075,150.0,1500,231201.71,135378.29,95823.42
2023-01-22 09:00:00,East,Gadget Mini,C1078,65.0,180,11829.01,7265.67,4563.33
2023-01-22 10:00:00,North,Widget,C1044,121.0,100,11745.4,6564.55,5180.85
2023-01-22 11:00:00,South,Gadget,C1037,134.0,250,32389.06,22570.32,9818.74
2023-01-22 12:00:00,North,Widget,C1012,180.0,100,18644.43,13010.52,5633.91
2023-01-22 13:00:00,North,Widget Pro,C1035,127.0,400,50350.91,28140.76,22210.14
2023-01-22 14:00:00,West,Widget,C1041,97.0,100,10055.1,5906.88,4148.21
2023-01-22 15:00:00,West,Widget Pro,C1073,129.0,400,52509.37,32735.33,19774.04
2023-01-22 16:00:00,East,Gadget,C1011,97.0,250,23947.29,13442.27,10505.02
2023-01-22 17:00:00,South,Widget Pro,C1058,237.0,400,96645.79,65873.54,30772.25
2023-01-22 18:00:00,West,Widget,C1011,108.0,100,10262.67,6836.17,3426.5
2023-01-22 19:00:00,East,Gadget,C1008,144.0,250,36590.92,22091.16,14499.76
2023-01-22 20:00:00,East,Widget,C1063,89.0,100,9316.63,6276.87,3039.76
2023-01-22 21:00:00,North,Widget Pro,C1072,82.0,400,32267.84,20544.61,11723.23
2023-01-22 22:00:00,West,Widget Pro,C1005,27.0,400,11225.69,7457.65,3768.04
2023-01-22 23:00:00,North,Widget Pro,C1020,145.0,400,57765.57,32847.56,24918.01
2023-01-23 00:00:00,South,Widget,C1016,121.0,100,12654.22,7343.85,5310.37
2023-01-23 01:00:00,West,Widget,C1011,56.0,100,5809.68,3959.23,1850.44
2023-01-23 02:00:00,East,Widget,C1021,127.0,100,12537.24,8595.16,3942.08
2023-01-23 03:00:00,North,Gadget,C1054,167.0,250,42693.5,28317.95,14375.55
2023-01-23 04:00:00,East,Widget Pro,C1016,141.0,400,53586.13,33304.9,20281.22
2023-01-23 05:00:00,South,Gadget,C1043,167.0,250,41520.65,22886.57,18634.08
2023-01-23 06:00:00,West,Enterprise Suite,C1009,108.0,1500,160741.49,91594.72,69146.76
2023-01-23 07:00:00,North,Widget,C1047,261.0,100,26898.55,15210.6,11687.95
2023-01-23 08:00:00,West,Widget,C1017,74.0,100,7602.36,5040.17,2562.2
2023-01-23 09:00:00,East,Gadget,C1078,80.0,250,19136.82,12142.19,6994.63
2023-01-23 10:00:00,East,Gadget,C1019,104.0,250,26578.32,17122.07,9456.25
2023-01-23 11:00:00,West,Gadget,C1012,48.0,250,11930.86,6950.76,4980.1
2023-01-23 12:00:00,North,Widget,C1054,199.0,100,20357.72,12270.21,8087.5
2023-01-23 13:00:00,North,Widget,C1070,119.0,100,11634.59,6546.06,5088.54
2023-01-23 14:00:00,East,Widget Pro,C1003,124.0,400,48533.21,33545.76,14987.45
2023-01-23 15:00:00,West,Gadget,C1065,145.0,250,35530.98,22301.46,13229.52
2023-01-23 16:00:00,North,Widget,C1030,150.0,100,15219.25,10159.92,5059.33
2023-01-23 17:00:00,South,Widget,C1067,184.0,100,18399.23,11758.76,6640.48
2023-01-23 18:00:00,West,Widget,C1049,137.0,100,13509.7,8071.66,5438.05
2023-01-23 19:00:00,West,Gadget,C1060,106.0,250,26143.34,17057.0,9086.35
2023-01-23 20:00:00,West,Widget Pro,C1033,103.0,400,39208.76,21962.0,17246.76
2023-01-23 21:00:00,North,Gadget Mini,C1036,148.0,180,27835.28,16971.07,10864.22
2023-01-23 22:00:00,East,Gadget,C1010,79.0,250,19582.98,12832.17,6750.81
2023-01-23 23:00:00,East,Gadget,C1010,67.0,250,16168.24,9095.27,7072.97
2023-01-24 00:00:00,South,Widget,C1050,158.0,100,16286.73,10268.11,6018.62
2023-01-24 01:00:00,South,Widget Pro,C1039,142.0,400,57651.09,37269.88,20381.21
2023-01-24 02:00:00,East,Widget Pro,C1011,119.0,400,49249.19,27514.83,21734.36
2023-01-24 03:00:00,West,Widget,C1022,101.0,100,10213.42,5701.69,4511.73
2023-01-24 04:00:00,North,Widget Pro,C1044,259.0,400,105687.54,60725.4,44962.13
2023-01-24 05:00:00,South,Widget Pro,C1016,198.0,400,80948.46,46548.96,34399.5
2023-01-24 06:00:00,East,Gadget Mini,C1003,154.0,180,28365.7,16103.45,12262.25
2023-01-24 07:00:00,North,Gadget,C1073,235.0,250,58890.14,34712.35,24177.79
2023-01-24 08:00:00,East,Gadget,C1072,117.0,250,29281.54,16348.35,12933.19
2023-01-24 09:00:00,North,Widget,C1014,295.0,100,30306.32,20733.77,9572.55
2023-01-24 10:00:00,North,Gadget,C1031,201.0,250,47958.79,32585.09,15373.7
2023-01-24 11:00:00,North,Widget,C1004,125.0,100,13025.28,7513.56,5511.72
2023-01-24 12:00:00,South,Gadget Mini,C1041,159.0,180,29308.79,17963.51,11345.27
2023-01-24 13:00:00,North,Gadget Mini,C1073,,180,28104.65,18939.71,9164.94
2023-01-24 14:00:00,South,Gadget,C1066,78.0,250,20283.78,11701.75,8582.04
2023-01-24 15:00:00,West,Enterprise Suite,C1036,87.0,1500,124874.49,77392.73,47481.76
2023-01-24 16:00:00,East,Widget,C1047,91.0,100,8723.61,5395.66,3327.95
2023-01-24 17:00:00,North,Gadget,C1059,277.0,250,67892.07,43682.28,24209.79
2023-01-24 18:00:00,South,Enterprise Suite,C1069,209.0,1500,329105.63,219310.36,109795.27
2023-01-24 19:00:00,East,Widget,C1029,175.0,100,16636.16,10173.1,6463.06
2023-01-24 20:00:00,South,Gadget,C1042,173.0,250,44086.72,24311.15,19775.57
2023-01-24 21:00:00,North,Gadget,C1013,169.0,250,43724.55,28818.08,14906.48
2023-01-24 22:00:00,North,Enterprise Suite,C1018,198.0,1500,294618.53,204517.63,90100.9
2023-01-24 23:00:00,East,Widget,C1066,10.0,100,1042.13,713.43,328.69
2023-01-25 00:00:00,South,Gadget Mini,C1074,120.0,180,21510.27,14243.78,7266.49
2023-01-25 01:00:00,North,Widget,C1072,223.0,100,23013.52,12915.75,10097.77
2023-01-25 02:00:00,North,Gadget,C1040,138.0,250,33225.94,19727.95,13497.99
2023-01-25 03:00:00,West,Widget,C1057,138.0,100,14258.02,8539.67,5718.35
2023-01-25 04:00:00,North,Widget,C1074,305.0,100,29593.27,19738.43,9854.84
2023-01-25 05:00:00,North,Widget,C1015,274.0,100,27261.81,16278.16,10983.65
2023-01-25 06:00:00,South,Enterprise Suite,,233.0,1500,339281.89,202295.52,136986.37
2023-01-25 07:00:00,West,Widget,C1077,165.0,100,17007.53,10130.24,6877.3
2023-01-25 08:00:00,North,Widget Pro,C1031,230.0,400,90415.7,50965.7,39450.0
2023-01-25 09:00:00,West,Widget,C1022,84.0,100,8021.12,4771.17,3249.95
2023-01-25 10:00:00,North,Gadget,C1031,128.0,250,31847.04,21089.49,10757.56
2023-01-25 11:00:00,North,Widget,C1007,96.0,100,9882.06,5615.16,4266.89
2023-01-25 12:00:00,West,Enterprise Suite,C1047,85.0,1500,122791.62,82706.42,40085.2
2023-01-25 13:00:00,East,Gadget Mini,C1009,67.0,180,11558.35,7373.28,4185.07
2023-01-25 14:00:00,North,Widget,C1016,223.0,100,23197.57,14301.64,8895.93
2023-01-25 15:00:00,North,Widget Pro,C1059,232.0,400,95666.47,54374.83,41291.64
2023-01-25 16:00:00,North,Gadget Mini,C1063,313.0,180,55963.4,36861.11,19102.29
2023-01-25 17:00:00,North,Gadget,C1023,315.0,250,76173.36,44348.69,31824.66
2023-01-25 18:00:00,North,Gadget,C1078,343.0,250,82737.01,53126.76,29610.25
2023-01-25 19:00:00,North,Widget,C1007,230.0,100,22797.58,14421.83,8375.76
2023-01-25 20:00:00,North,Widget,C1067,205.0,100,20334.43,13144.13,7190.3
2023-01-25 21:00:00,North,Enterprise Suite,C1048,127.0,1500,191331.66,105792.92,85538.74
2023-01-25 22:00:00,East,Widget,C1072,64.0,100,6428.49,4003.03,2425.46
2023-01-25 23:00:00,South,Widget,C1028,119.0,100,11518.98,6886.41,4632.57
2023-01-26 00:00:00,North,Widget Pro,C1060,194.0,400,75900.04,50951.55,24948.49
2023-01-26 01:00:00,South,Widget Pro,C1012,95.0,400,39898.5,27773.23,12125.28
2023-01-26 02:00:00,North,Widget,C1007,267.0,100,26789.95,17914.05,8875.9
2023-01-26 03:00:00,East,Gadget Mini,C1049,166.0,180,30106.17,20996.03,9110.14
2023-01-26 04:00:00,South,Widget Pro,C1075,225.0,400,93106.99,53668.27,39438.72
2023-01-26 05:00:00,North,Widget Pro,C1045,400.0,400,157740.53,100754.3,56986.23
2023-01-26 06:00:00,West,Gadget,C1063,105.0,250,26415.66,15274.46,11141.2
2023-01-26 07:00:00,South,Widget,C1077,138.0,100,13162.39,7350.21,5812.18
2023-01-26 08:00:00,North,Gadget,C1025,122.0,250,28977.08,19927.09,9049.99
2023-01-26 09:00:00,West,Widget,C1041,113.0,100,10935.53,7330.78,3604.75
2023-01-26 10:00:00,North,Widget,C1014,189.0,100,19286.88,11017.59,8269.29
2023-01-26 11:00:00,West,Gadget Mini,C1050,60.0,180,11297.4,6846.66,4450.74
2023-01-26 12:00:00,South,Widget,C1055,122.0,100,11983.58,8345.11,3638.46
2023-01-26 13:00:00,East,Enterprise Suite,C1071,59.0,1500,89820.25,51748.17,38072.07
2023-01-26 14:00:00,East,Gadget Mini,C1075,177.0,180,32774.36,19123.36,13650.99
2023-01-26 15:00:00,West,Widget,C1022,114.0,100,11666.75,6932.12,4734.63
2023-01-26 16:00:00,East,Gadget Mini,C1072,146.0,180,27459.18,16715.51,10743.67
2023-01-26 17:00:00,North,Gadget,C1028,336.0,250,87536.72,60849.38,26687.34
2023-01-26 18:00:00,East,Widget,C1009,156.0,100,15594.05,9351.37,6242.68
2023-01-26 19:00:00,North,Enterprise Suite,C1011,270.0,1500,391549.44,267349.19,124200.25
2023-01-26 20:00:00,West,Gadget,C1001,76.0,250,19435.64,11668.43,7767.21
2023-01-26 21:00:00,North,Widget,C1013,207.0,100,19805.34,11655.41,8149.92
2023-01-26 22:00:00,East,Widget,C1021,128.0,100,12720.92,7797.26,4923.66
2023-01-26 23:00:00,West,Gadget,C1012,93.0,250,22968.01,14513.57,8454.44
2023-01-27 00:00:00,West,Widget Pro,C1028,104.0,400,41924.71,27826.96,14097.75
2023-01-27 01:00:00,North,Widget,C1040,153.0,100,15829.02,9406.18,6422.84
2023-01-27 02:00:00,North,Widget,C1020,165.0,100,16238.98,11094.31,5144.68
2023-01-27 03:00:00,East,Gadget,C1076,125.0,250,32494.14,18325.58,14168.56
2023-01-27 04:00:00,West,Gadget Mini,C1021,125.0,180,22960.14,14113.56,8846.57
2023-01-27 05:00:00,East,Gadget,C1024,178.0,250,42513.32,25493.72,17019.61
2023-01-27 06:00:00,South,Gadget,C1036,140.0,250,36489.51,23025.57,13463.94
2023-01-27 07:00:00,North,Widget,C1062,342.0,100,33833.73,21398.12,12435.61
2023-01-27 08:00:00,North,Widget,C1076,211.0,100,20947.25,12446.49,8500.76
2023-01-27 09:00:00,South,Widget,C1010,114.0,100,11065.93,7145.59,3920.34
2023-01-27 10:00:00,South,Widget,C1033,71.0,100,7302.26,4532.09,2770.17
2023-01-27 11:00:00,North,Gadget,C1047,51.0,250,12348.22,8431.66,3916.56
2023-01-27 12:00:00,North,Widget,C1034,198.0,100,19680.69,11601.96,8078.72
2023-01-27 13:00:00,South,Widget,C1044,134.0,100,13663.27,7712.99,5950.28
2023-01-27 14:00:00,West,Gadget,C1007,64.0,250,16410.33,9585.72,6824.62
2023-01-27 15:00:00,West,Widget Pro,C1060,80.0,400,31739.62,20006.35,11733.28
2023-01-27 16:00:00,South,Widget,C1004,195.0,100,19107.76,11640.84,7466.92
2023-01-27 17:00:00,South,Gadget Mini,C1079,282.0,180,52285.09,34070.54,18214.54
2023-01-27 18:00:00,North,Gadget Mini,C1021,272.0,180,48710.5,33725.16,14985.34
2023-01-27 19:00:00,West,Widget Pro,C1055,75.0,400,28878.56,17717.18,11161.38
2023-01-27 20:00:00,North,Widget Pro,C1040,206.0,400,79498.52,50820.0,28678.52
2023-01-27 21:00:00,West,Gadget Mini,C1050,71.0,180,12226.64,7436.43,4790.22
2023-01-27 22:00:00,South,Gadget Mini,C1001,3.0,180,541.06,372.02,169.04
2023-01-27 23:00:00,East,Gadget,C1053,70.0,250,17539.48,10750.63,6788.85
2023-01-28 00:00:00,North,Gadget,C1012,140.0,250,35289.37,24516.4,10772.97
2023-01-28 01:00:00,West,Gadget,C1068,94.0,250,22562.33,13377.52,9184.81
2023-01-28 02:00:00,West,Gadget Mini,C1073,138.0,180,24254.12,15721.96,8532.16
2023-01-28 03:00:00,East,Widget,C1077,160.0,100,15640.66,8939.86,6700.81
2023-01-28 04:00:00,East,Gadget,C1030,135.0,250,33398.3,22772.42,10625.88
2023-01-28 05:00:00,North,Gadget,C1043,236.0,250,57634.65,34918.88,22715.77
2023-01-28 06:00:00,West,Widget,C1012,184.0,100,17995.84,11224.78,6771.06
2023-01-28 07:00:00,West,Widget,C1041,113.0,100,11074.54,7326.46,3748.08
2023-01-28 08:00:00,North,Gadget,C1027,220.0,250,55800.55,32263.34,23537.21
2023-01-28 09:00:00,West,Gadget,C1047,77.0,250,19220.09,12060.13,7159.96
2023-01-28 10:00:00,West,Gadget,C1064,70.0,250,16903.2,10085.61,6817.59
2023-01-28 11:00:00,South,Widget Pro,C1022,98.0,400,39295.2,24964.28,14330.93
2023-01-28 12:00:00,North,Widget Pro,C1058,121.0,400,50030.97,29389.37,20641.6
2023-01-28 13:00:00,North,Widget,C1059,151.0,100,14645.66,8864.32,5781.33
2023-01-28 14:00:00,South,Gadget,C1047,158.0,250,38014.3,21082.14,16932.16
2023-01-28 15:00:00,South,Gadget,C1070,166.0,250,43411.16,26966.46,16444.7
2023-01-28 16:00:00,North,Widget,C1011,247.0,100,25674.4,17005.29,8669.11
2023-01-28 17:00:00,North,Widget,C1027,302.0,100,29181.98,18555.03,10626.95
2023-01-28 18:00:00,West,Gadget,C1052,117.0,250,29769.76,17574.95,12194.81
2023-01-28 19:00:00,South,Gadget Mini,C1060,248.0,180,46725.31,30480.32,16244.99
2023-01-28 20:00:00,West,Gadget,C1032,32.0,250,8080.91,4454.76,3626.15
2023-01-28 21:00:00,East,Gadget Mini,C1035,120.0,180,22059.52,14479.98,7579.54
2023-01-28 22:00:00,South,Widget,C1059,161.0,100,15856.42,9320.4,6536.02
2023-01-28 23:00:00,North,Gadget,C1000,28.0,250,7086.52,4518.89,2567.64
2023-01-29 00:00:00,South,Gadget,C1076,97.0,250,25082.46,15203.35,9879.12
2023-01-29 01:00:00,East,Widget,C1035,80.0,100,7686.48,4301.17,3385.32
2023-01-29 02:00:00,East,Gadget Mini,C1038,71.0,180,12474.75,8191.72,4283.03
2023-01-29 03:00:00,North,Gadget,C1076,215.0,250,52354.12,29240.63,23113.5
2023-01-29 04:00:00,South,Widget,C1063,164.0,100,15809.48,8755.58,7053.9
2023-01-29 05:00:00,West,Widget,C1004,169.0,100,16762.38,10195.57,6566.81
2023-01-29 06:00:00,South,Enterprise Suite,C1028,,1500,379113.54,228027.34,151086.2
2023-01-29 07:00:00,East,Gadget,,164.0,250,40900.51,28266.35,12634.16
2023-01-29 08:00:00,South,Widget Pro,C1023,188.0,400,77761.6,52992.53,24769.08
2023-01-29 09:00:00,North,Gadget,C1071,119.0,250,30466.73,20070.81,10395.92
2023-01-29 10:00:00,East,Widget,C1011,62.0,100,6311.42,3789.03,2522.39
2023-01-29 11:00:00,North,Widget,C1042,169.0,100,17527.72,10745.74,6781.99
2023-01-29 12:00:00,South,Gadget,C1006,62.0,250,15443.83,8766.96,6676.87
2023-01-29 13:00:00,West,Gadget,C1024,95.0,250,24805.21,13907.85,10897.37
2023-01-29 14:00:00,South,Gadget Mini,C1006,150.0,180,26680.51,15868.32,10812.19
2023-01-29 15:00:00,West,Widget,C1072,102.0,100,10702.19,6436.31,4265.89
2023-01-29 16:00:00,West,Enterprise Suite,C1023,140.0,1500,202507.71,137575.45,64932.26
2023-01-29 17:00:00,East,Gadget,C1007,160.0,250,40524.13,23363.12,17161.01
2023-01-29 18:00:00,North,Widget,C1020,266.0,100,27294.77,15702.43,11592.34
2023-01-29 19:00:00,South,Widget Pro,C1054,234.0,400,89744.07,57631.12,32112.94
2023-01-29 20:00:00,South,Enterprise Suite,C1025,116.0,1500,171969.71,95556.48,76413.23
2023-01-29 21:00:00,East,Enterprise Suite,C1067,107.0,1500,166791.7,110670.82,56120.88
2023-01-29 22:00:00,North,Gadget,C1044,185.0,250,46835.93,27507.84,19328.09
2023-01-29 23:00:00,North,Widget,C1008,125.0,100,12504.17,7451.45,5052.72
2023-01-30 00:00:00,West,Widget,C1076,73.0,100,7147.3,4711.32,2435.98
2023-01-30 01:00:00,South,Gadget,C1062,81.0,250,20628.23,11759.5,8868.73
2023-01-30 02:00:00,South,Widget,C1051,196.0,100,20478.25,14083.52,6394.73
2023-01-30 03:00:00,North,Widget,C1002,248.0,100,26002.5,15125.1,10877.4
2023-01-30 04:00:00,South,Widget,C1004,187.0,100,18450.53,11948.21,6502.31
2023-01-30 05:00:00,South,Gadget,C1076,257.0,250,65992.78,42464.39,23528.39
2023-01-30 06:00:00,West,Gadget,C1014,107.0,250,27160.79,15018.87,12141.93
2023-01-30 07:00:00,South,Widget,C1019,131.0,100,13161.94,8175.66,4986.28
2023-01-30 08:00:00,North,Gadget,C1012,134.0,250,31856.17,19532.0,12324.17
2023-01-30 09:00:00,East,Widget,C1013,107.0,100,10813.03,6169.64,4643.39
2023-01-30 10:00:00,South,Gadget,C1063,60.0,250,14674.06,9798.08,4875.98
2023-01-30 11:00:00,North,Widget,C1025,239.0,100,23333.56,14664.48,8669.07
2023-01-30 12:00:00,South,Gadget,C1026,28.0,250,6762.26,4275.24,2487.02
2023-01-30 13:00:00,East,Gadget,C1011,137.0,250,33340.68,18401.14,14939.55
2023-01-30 14:00:00,West,Widget Pro,C1011,100.0,400,40676.09,23281.84,17394.25
2023-01-30 15:00:00,East,Widget,C1029,126.0,100,12881.71,8833.2,4048.5
2023-01-30 16:00:00,South,Enterprise Suite,C1022,186.0,1500,272419.09,151876.92,120542.17
2023-01-30 17:00:00,West,Gadget Mini,C1054,137.0,180,24315.29,15841.78,8473.51
2023-01-30 18:00:00,East,Widget,C1017,142.0,100,14566.65,8111.92,6454.72
2023-01-30 19:00:00,East,Widget,C1079,159.0,100,15673.47,9649.48,6023.99
2023-01-30 20:00:00,North,Widget Pro,C1014,226.0,400,89248.5,53674.8,35573.7
2023-01-30 21:00:00,South,Enterprise Suite,C1061,138.0,1500,202276.94,122955.52,79321.42
2023-01-30 22:00:00,East,Gadget,C1007,66.0,250,16989.9,9632.57,7357.33
2023-01-30 23:00:00,West,Widget Pro,C1061,60.0,400,23048.91,15827.32,7221.59
2023-01-31 00:00:00,West,Gadget,C1045,73.0,250,17668.3,10724.0,6944.3
2023-01-31 01:00:00,East,Gadget Mini,C1016,43.0,180,8034.08,5295.2,2738.88
2023-01-31 02:00:00,South,Gadget,C1008,106.0,250,27527.12,16959.55,10567.58
2023-01-31 03:00:00,North,Widget,C1073,299.0,100,30511.66,19884.12,10627.54
2023-01-31 04:00:00,East,Widget,C1066,148.0,100,15474.53,10537.71,4936.81
2023-01-31 05:00:00,South,Widget Pro,C1031,208.0,400,79832.41,51831.75,28000.66
2023-01-31 06:00:00,South,Gadget,C1071,209.0,250,52988.84,30325.42,22663.42
2023-01-31 07:00:00,West,Gadget,C1064,119.0,250,28297.14,19529.44,8767.71
2023-01-31 08:00:00,West,Gadget Mini,C1062,82.0,180,15305.26,8589.77,6715.49
2023-01-31 09:00:00,North,Widget,C1070,138.0,100,13493.86,8447.69,5046.17
2023-01-31 10:00:00,East,Gadget,C1073,82.0,250,19956.75,12350.52,7606.23
2023-01-31 11:00:00,South,Gadget Mini,C1063,64.0,180,11459.02,6506.5,4952.52
2023-01-31 12:00:00,East,Widget,C1070,87.0,100,8615.99,4785.11,3830.89
2023-01-31 13:00:00,North,Widget,C1038,87.0,100,8790.66,5651.16,3139.5
2023-01-31 14:00:00,West,Gadget,C1043,119.0,250,30209.92,18682.76,11527.16
2023-01-31 15:00:00,South,Widget,C1071,206.0,100,20029.21,12381.44,7647.77
2023-01-31 16:00:00,East,Gadget,C1057,150.0,250,38312.47,23159.66,15152.8
2023-01-31 17:00:00,North,Widget Pro,C1037,351.0,400,136493.33,82060.28,54433.05
2023-01-31 18:00:00,South,Widget,C1063,275.0,100,26417.39,18083.53,8333.85
2023-01-31 19:00:00,North,Widget Pro,C1078,314.0,400,128382.78,72670.33,55712.45
2023-01-31 20:00:00,North,Widget,C1024,118.0,100,12215.59,7113.61,5101.98
2023-01-31 21:00:00,East,Widget,C1075,55.0,100,5452.96,3757.06,1695.9
2023-01-31 22:00:00,North,Gadget Mini,C1064,118.0,180,21149.49,13501.78,7647.71
2023-01-31 23:00:00,North,Gadget,C1055,144.0,250,36109.31,20123.2,15986.11
2023-02-01 00:00:00,West,Gadget,C1022,78.0,250,19516.25,13430.58,6085.67
2023-02-01 01:00:00,East,Widget,C1076,70.0,100,7220.67,4083.53,3137.14
2023-02-01 02:00:00,East,Widget,C1077,115.0,100,11938.6,7315.97,4622.63
2023-02-01 03:00:00,West,Widget Pro,C1037,93.0,400,36357.78,25251.89,11105.88
2023-02-01 04:00:00,South,Widget,C1065,184.0,100,18239.45,11946.88,6292.57
2023-02-01 05:00:00,North,Widget Pro,C1070,219.0,400,90759.8,59609.32,31150.47
2023-02-01 06:00:00,East,Widget,C1044,117.0,100,142143.31,7031.2,135112.11
2023-02-01 07:00:00,West,Widget,C1022,79.0,100,8066.21,5616.32,2449.9
2023-02-01 08:00:00,South,Gadget,C1045,120.0,250,29467.14,16717.03,12750.12
2023-02-01 09:00:00,South,Gadget,C1068,174.0,250,45425.63,29822.77,15602.86
2023-02-01 10:00:00,North,Widget Pro,C1003,101.0,400,41645.55,26170.46,15475.09
2023-02-01 11:00:00,South,Widget,C1020,209.0,100,19973.3,11785.18,8188.12
2023-02-01 12:00:00,West,Gadget,C1037,77.0,250,18569.37,10385.94,8183.43
2023-02-01 13:00:00,North,Gadget,C1078,191.0,250,47075.21,29087.26,17987.95
2023-02-01 14:00:00,West,Widget Pro,C1071,74.0,400,30679.93,20290.54,10389.39
2023-02-01 15:00:00,South,Gadget,C1006,216.0,250,55602.9,36387.61,19215.29
2023-02-01 16:00:00,West,Widget,C1040,110.0,100,11502.37,8009.95,3492.43
2023-02-01 17:00:00,West,Widget,C1056,131.0,100,13419.21,7789.35,5629.85
2023-02-01 18:00:00,West,Gadget Mini,C1075,184.0,180,33797.73,21872.03,11925.7
2023-02-01 19:00:00,South,Gadget,C1037,184.0,250,47270.28,32835.99,14434.29
2023-02-01 20:00:00,South,Enterprise Suite,C1065,205.0,1500,294414.92,204433.27,89981.65
2023-02-01 21:00:00,North,Widget,C1020,142.0,100,13886.34,8187.88,5698.45
2023-02-01 22:00:00,South,Widget,C1019,110.0,100,10813.62,7098.64,3714.98
2023-02-01 23:00:00,North,Gadget Mini,C1078,240.0,180,43618.52,29052.08,14566.44
2023-02-02 00:00:00,West,Widget,C1009,51.0,100,5247.85,3319.39,1928.46
2023-02-02 01:00:00,East,Widget,C1008,140.0,100,13607.95,7859.68,5748.26
2023-02-02 02:00:00,East,Widget,C1044,129.0,100,12955.57,7909.54,5046.03
2023-02-02 03:00:00,North,Widget,C1027,227.0,100,22318.38,13482.97,8835.41
2023-02-02 04:00:00,West,Gadget,C1001,138.0,250,34413.26,21824.89,12588.36
2023-02-02 05:00:00,North,Widget,C1079,350.0,100,34091.22,22034.51,12056.71
2023-02-02 06:00:00,North,Widget,C1014,320.0,100,33234.11,20179.95,13054.16
2023-02-02 07:00:00,South,Gadget,C1047,125.0,250,30571.34,20993.35,9577.99
2023-02-02 08:00:00,South,Gadget,,130.0,250,32457.12,19294.62,13162.49
2023-02-02 09:00:00,North,Widget,C1068,167.0,100,16025.25,11149.47,4875.77
2023-02-02 10:00:00,South,Gadget,C1027,108.0,250,26219.11,16896.31,9322.8
2023-02-02 11:00:00,West,Gadget,C1055,76.0,250,18247.46,11508.0,6739.46
2023-02-02 12:00:00,East,Gadget Mini,C1058,81.0,180,14939.97,8561.54,6378.42
2023-02-02 13:00:00,East,Widget,C1032,54.0,100,5169.55,2981.28,2188.28
2023-02-02 14:00:00,South,Gadget,C1049,175.0,250,42558.45,25058.3,17500.15
2023-02-02 15:00:00,South,Gadget,C1015,212.0,250,52026.94,31654.51,20372.44
2023-02-02 16:00:00,South,Gadget,C1074,230.0,250,58180.51,38596.61,19583.9
2023-02-02 17:00:00,North,Widget Pro,C1037,356.0,400,140373.65,87793.27,52580.38
2023-02-02 18:00:00,East,Widget,C1056,166.0,100,15913.6,10579.22,5334.38
2023-02-02 19:00:00,South,Widget Pro,C1028,206.0,400,78533.95,45035.18,33498.77
2023-02-02 20:00:00,North,Widget,C1018,216.0,100,22242.57,14054.16,8188.41
2023-02-02 21:00:00,North,Gadget Mini,C1047,90.0,180,16953.89,11529.85,5424.04
2023-02-02 22:00:00,West,Widget,C1005,76.0,100,7884.82,4503.86,3380.96
2023-02-02 23:00:00,North,Gadget,C1039,,250,38643.04,26742.79,11900.24
2023-02-03 00:00:00,North,Widget Pro,C1065,168.0,400,68718.3,39977.59,28740.7
2023-02-03 01:00:00,North,Widget,C1014,111.0,100,11229.74,6602.09,4627.65
2023-02-03 02:00:00,North,Widget Pro,C1070,160.0,400,66254.41,44901.15,21353.25
2023-02-03 03:00:00,South,Gadget,C1012,230.0,250,56296.25,31531.78,24764.47
2023-02-03 04:00:00,North,Gadget,C1030,284.0,250,74205.93,44788.53,29417.4
2023-02-03 05:00:00,North,Gadget,C1057,334.0,250,86840.99,51902.07,34938.92
2023-02-03 06:00:00,North,Gadget,C1072,288.0,250,73392.9,42043.8,31349.1
2023-02-03 07:00:00,South,Widget,C1031,189.0,100,18764.5,10334.08,8430.43
2023-02-03 08:00:00,East,Widget Pro,C1046,135.0,400,54760.53,32390.96,22369.57
2023-02-03 09:00:00,North,Widget Pro,C1045,153.0,400,63512.66,39341.47,24171.19
2023-02-03 10:00:00,East,Gadget,C1010,79.0,250,18977.44,12275.23,6702.21
2023-02-03 11:00:00,West,Gadget Mini,C1033,50.0,180,8676.0,5472.76,3203.24
2023-02-03 12:00:00,East,Gadget,C1064,64.0,250,16363.88,11189.88,5174.0
2023-02-03 13:00:00,East,Widget Pro,C1027,82.0,400,33058.79,21996.66,11062.13
2023-02-03 14:00:00,West,Gadget,C1060,100.0,250,25108.67,17571.28,7537.39
2023-02-03 15:00:00,East,Widget,C1075,116.0,100,11475.3,7845.84,3629.46
2023-02-03 16:00:00,East,Widget,C1050,177.0,100,17637.52,11051.0,6586.52
2023-02-03 17:00:00,South,Widget,C1078,180.0,100,17529.99,12176.33,5353.66
2023-02-03 18:00:00,East,Widget Pro,C1072,138.0,400,53214.85,30539.11,22675.73
2023-02-03 19:00:00,West,Gadget,C1061,101.0,250,26431.03,17454.74,8976.3
2023-02-03 20:00:00,West,Widget,C1033,129.0,100,13237.3,7740.68,5496.62
2023-02-03 21:00:00,South,Widget,C1046,139.0,100,13492.42,9257.94,4234.47
2023-02-03 22:00:00,South,Gadget Mini,C1041,152.0,180,28403.93,15792.18,12611.75
2023-02-03 23:00:00,North,Enterprise Suite,C1033,61.0,1500,92722.14,54801.04,37921.1
2023-02-04 00:00:00,South,Gadget,C1075,122.0,250,30123.81,18278.46,11845.35
2023-02-04 01:00:00,East,Widget Pro,C1028,115.0,400,46076.65,27943.15,18133.5
2023-02-04 02:00:00,South,Widget,C1061,163.0,100,16899.38,10528.81,6370.57
2023-02-04 03:00:00,West,Widget,C1029,136.0,100,14119.57,8697.44,5422.13
2023-02-04 04:00:00,North,Gadget,C1046,258.0,250,62639.29,36207.75,26431.53
2023-02-04 05:00:00,East,Widget Pro,C1042,187.0,400,76005.1,46529.72,29475.38
2023-02-04 06:00:00,East,Gadget,C1020,206.0,250,51390.9,29889.23,21501.66
2023-02-04 07:00:00,East,Gadget,C1075,119.0,250,28987.42,16499.14,12488.28
2023-02-04 08:00:00,North,Gadget,C1007,195.0,250,46503.56,29568.84,16934.72
2023-02-04 09:00:00,North,Gadget Mini,C1072,261.0,180,47058.18,28744.0,18314.17
2023-02-04 10:00:00,East,Gadget Mini,C1010,120.0,180,22092.42,14872.52,7219.9
2023-02-04 11:00:00,North,Gadget,C1028,114.0,250,28418.53,17683.44,10735.09
2023-02-04 12:00:00,West,Gadget,C1023,56.0,250,14412.46,9700.57,4711.9
2023-02-04 13:00:00,East,Gadget,C1058,83.0,250,20060.52,13096.28,6964.24
2023-02-04 14:00:00,South,Widget,C1002,106.0,100,10470.9,5966.66,4504.25
2023-02-04 15:00:00,North,Gadget Mini,C1019,207.0,180,37276.24,22849.19,14427.05
2023-02-04 16:00:00,East,Widget,C1068,115.0,100,11961.85,7655.25,4306.6
2023-02-04 17:00:00,South,Widget,C1077,185.0,100,18467.15,10517.95,7949.2
2023-02-04 18:00:00,South,Widget,C1055,207.0,100,21606.11,14082.52,7523.6
2023-02-04 19:00:00,South,Widget,C1029,197.0,100,18800.57,11834.44,6966.13
2023-02-04 20:00:00,West,Gadget,C1073,131.0,250,33629.9,20264.63,13365.27
2023-02-04 21:00:00,North,Widget,C1010,126.0,100,12571.2,7352.6,5218.59
2023-02-04 22:00:00,North,Gadget Mini,C1000,207.0,180,36919.62,21352.58,15567.04
2023-02-04 23:00:00,South,Widget,C1040,95.0,100,9031.83,5854.27,3177.56
2023-02-05 00:00:00,South,Widget,C1033,109.0,100,10819.42,6900.68,3918.73
2023-02-05 01:00:00,West,Gadget,C1050,94.0,250,23184.26,13709.65,9474.62
2023-02-05 02:00:00,East,Gadget,C1047,79.0,250,20310.48,12640.64,7669.84
2023-02-05 03:00:00,South,Gadget,C1050,203.0,250,53229.18,33888.23,19340.95
2023-02-05 04:00:00,East,Gadget Mini,C1057,147.0,180,26881.46,17800.16,9081.31
2023-02-05 05:00:00,East,Gadget Mini,C1043,162.0,180,27994.41,17531.54,10462.87
2023-02-05 06:00:00,West,Gadget,C1049,130.0,250,33099.83,18463.35,14636.48
2023-02-05 07:00:00,West,Widget,C1076,169.0,100,16208.94,9268.26,6940.68
2023-02-05 08:00:00,South,Widget,C1004,134.0,100,13027.17,7321.35,5705.82
2023-02-05 09:00:00,East,Gadget Mini,C1036,76.0,180,13544.08,8782.34,4761.74
2023-02-05 10:00:00,East,Gadget,C1063,59.0,250,15407.43,10369.73,5037.7
2023-02-05 11:00:00,South,Widget,C1036,81.0,100,8227.08,5516.97,2710.11
2023-02-05 12:00:00,North,Widget Pro,C1078,118.0,400,47249.79,30937.62,16312.16
2023-02-05 13:00:00,North,Widget,C1020,246.0,100,23958.57,13178.25,10780.32
2023-02-05 14:00:00,North,Widget,C1051,298.0,100,29500.31,19188.46,10311.85
2023-02-05 15:00:00,South,Gadget,C1011,165.0,250,42227.32,23659.65,18567.67
2023-02-05 16:00:00,South,Widget Pro,C1044,175.0,400,70413.8,44884.56,25529.24
2023-02-05 17:00:00,West,Widget,C1051,139.0,100,14047.85,8136.21,5911.63
2023-02-05 18:00:00,South,Widget,C1009,186.0,100,18427.27,10429.28,7997.99
2023-02-05 19:00:00,South,Widget,C1032,213.0,100,20484.23,12843.47,7640.76
2023-02-05 20:00:00,West,Widget Pro,C1048,99.0,400,39896.58,26097.5,13799.08
2023-02-05 21:00:00,South,Widget Pro,C1058,71.0,400,29131.22,20222.48,8908.74
2023-02-05 22:00:00,East,Gadget Mini,C1033,119.0,180,22195.45,13812.13,8383.32
2023-02-05 23:00:00,North,Gadget,C1029,241.0,250,63227.54,41195.08,22032.46
2023-02-06 00:00:00,West,Gadget,C1033,51.0,250,12562.7,7918.87,4643.83
2023-02-06 01:00:00,North,Widget,C1009,160.0,100,16277.92,10957.66,5320.25
2023-02-06 02:00:00,South,Widget,C1073,171.0,100,16781.72,9780.13,7001.59
2023-02-06 03:00:00,North,Gadget Mini,C1063,276.0,180,50589.68,34729.26,15860.41
2023-02-06 04:00:00,East,Widget,C1029,161.0,100,15684.71,9251.01,6433.7
2023-02-06 05:00:00,North,Widget,C1013,407.0,100,41182.69,23614.13,17568.56
2023-02-06 06:00:00,North,Widget,C1000,276.0,100,28857.95,18004.47,10853.48
2023-02-06 07:00:00,East,Gadget,C1079,107.0,250,25525.55,15885.67,9639.88
2023-02-06 08:00:00,North,Gadget Mini,C1035,144.0,180,26907.52,17117.97,9789.55
2023-02-06 09:00:00,South,Enterprise Suite,,102.0,1500,159364.9,94350.4,65014.51
2023-02-06 10:00:00,East,Widget,C1069,75.0,100,7519.3,4612.91,2906.39
2023-02-06 11:00:00,North,Widget,C1058,241.0,100,24968.56,16638.69,8329.87
2023-02-06 12:00:00,West,Gadget,C1001,53.0,250,13197.09,8622.74,4574.36
2023-02-06 13:00:00,East,Widget,C1033,96.0,100,9216.72,5569.11,3647.61
2023-02-06 14:00:00,North,Widget,C1043,219.0,100,21395.0,14843.4,6551.6
2023-02-06 15:00:00,South,Gadget,C1047,235.0,250,57049.38,37373.44,19675.94
2023-02-06 16:00:00,South,Gadget,C1073,309.0,250,76869.38,48866.75,28002.63
2023-02-06 17:00:00,East,Widget Pro,C1071,133.0,400,54374.74,36464.41,17910.32
2023-02-06 18:00:00,South,Widget,C1019,188.0,100,18134.19,12582.81,5551.38
2023-02-06 19:00:00,South,Widget,C1066,229.0,100,22720.28,12954.44,9765.84
2023-02-06 20:00:00,South,Widget,C1072,187.0,100,18674.98,10974.28,7700.7
2023-02-06 21:00:00,North,Widget,C1032,283.0,100,27347.26,15924.86,11422.4
2023-02-06 22:00:00,South,Gadget,C1046,134.0,250,33332.01,20005.82,13326.19
2023-02-06 23:00:00,South,Gadget,C1052,89.0,250,22939.79,13801.06,9138.73
2023-02-07 00:00:00,North,Gadget Mini,C1073,185.0,180,34842.18,20203.02,14639.16
2023-02-07 01:00:00,East,Gadget,C1041,121.0,250,31700.1,18788.38,12911.73
2023-02-07 02:00:00,East,Gadget,C1048,132.0,250,33780.54,23087.13,10693.4
2023-02-07 03:00:00,East,Gadget,C1043,143.0,250,37382.33,25428.9,11953.42
2023-02-07 04:00:00,South,Gadget,C1010,251.0,250,62152.45,42640.37,19512.08
2023-02-07 05:00:00,North,Widget,C1034,361.0,100,35438.93,21040.22,14398.72
2023-02-07 06:00:00,East,Widget,C1046,181.0,100,18801.72,12543.5,6258.23
2023-02-07 07:00:00,East,Gadget,C1002,147.0,250,36567.31,21029.78,15537.53
2023-02-07 08:00:00,North,Widget,C1010,210.0,100,20478.46,13548.17,6930.29
2023-02-07 09:00:00,North,Widget,C1060,189.0,100,18135.6,12522.97,5612.62
2023-02-07 10:00:00,South,Widget,C1010,159.0,100,15736.25,10460.66,5275.59
2023-02-07 11:00:00,North,Gadget,C1049,98.0,250,23481.56,16196.14,7285.43
2023-02-07 12:00:00,North,Widget,C1016,173.0,100,16926.62,10900.27,6026.35
2023-02-07 13:00:00,South,Widget,C1041,116.0,100,11060.78,6675.47,4385.31
2023-02-07 14:00:00,West,Gadget,C1070,95.0,250,24630.88,17000.94,7629.94
2023-02-07 15:00:00,South,Enterprise Suite,C1076,239.0,1500,365584.78,210779.91,154804.87
2023-02-07 16:00:00,South,Widget Pro,C1068,,400,89659.82,55162.9,34496.92
2023-02-07 17:00:00,North,Widget,C1056,299.0,100,30018.61,20133.67,9884.94
2023-02-07 18:00:00,North,Gadget,C1066,211.0,250,50933.91,28094.3,22839.61
2023-02-07 19:00:00,West,Widget Pro,C1001,129.0,400,50794.45,31511.84,19282.6
2023-02-07 20:00:00,East,Gadget,C1055,127.0,250,32561.13,19371.97,13189.16
2023-02-07 21:00:00,East,Gadget,C1024,150.0,250,38612.88,24412.29,14200.59
2023-02-07 22:00:00,South,Gadget,C1049,99.0,250,24489.51,14068.99,10420.52
2023-02-07 23:00:00,West,Widget,C1066,66.0,100,6322.28,4070.27,2252.01
2023-02-08 00:00:00,East,Gadget Mini,C1036,83.0,180,15399.52,10051.2,5348.31
2023-02-08 01:00:00,East,Gadget,C1008,134.0,250,32725.55,18921.92,13803.64
2023-02-08 02:00:00,North,Widget,C1034,214.0,100,21692.95,13941.18,7751.77
2023-02-08 03:00:00,East,Gadget,C1068,136.0,250,33390.19,19126.65,14263.54
2023-02-08 04:00:00,North,Enterprise Suite,C1056,320.0,1500,469541.5,267054.49,202487.01
2023-02-08 05:00:00,East,Widget,C1043,153.0,100,14765.55,9214.25,5551.3
2023-02-08 06:00:00,South,Widget Pro,C1004,190.0,400,75987.81,46026.54,29961.27
2023-02-08 07:00:00,North,Widget Pro,C1050,269.0,400,112459.69,62798.14,49661.55
2023-02-08 08:00:00,North,Gadget,C1048,279.0,250,67603.04,45715.26,21887.78
2023-02-08 09:00:00,West,Widget,C1056,53.0,100,5442.12,3196.4,2245.72
2023-02-08 10:00:00,North,Enterprise Suite,C1012,160.0,1500,232780.32,153704.47,79075.84
2023-02-08 11:00:00,South,Enterprise Suite,C1039,75.0,1500,112194.29,73174.95,39019.34
2023-02-08 12:00:00,West,Widget,C1070,94.0,100,9614.54,6362.03,3252.52
2023-02-08 13:00:00,South,Widget,C1006,71.0,100,7198.35,4173.66,3024.68
2023-02-08 14:00:00,West,Widget,C1041,81.0,100,7786.47,5021.78,2764.69
2023-02-08 15:00:00,North,Widget Pro,C1031,279.0,400,112545.22,68581.82,43963.4
2023-02-08 16:00:00,North,Widget,C1076,372.0,100,38254.53,23767.18,14487.35
2023-02-08 17:00:00,North,Widget Pro,C1079,293.0,400,114255.02,71408.01,42847.02
2023-02-08 18:00:00,North,Enterprise Suite,C1045,256.0,1500,393967.11,220230.71,173736.4
2023-02-08 19:00:00,East,Widget Pro,C1029,180.0,400,74098.56,42152.75,31945.81
2023-02-08 20:00:00,North,Gadget,C1056,140.0,250,35506.26,21378.24,14128.02
2023-02-08 21:00:00,East,Widget,C1032,30.0,100,2963.33,1951.83,1011.5
2023-02-08 22:00:00,West,Gadget,C1062,76.0,250,18881.25,11219.37,7661.88
2023-02-08 23:00:00,North,Widget,C1035,115.0,100,11324.81,7472.8,3852.02
2023-02-09 00:00:00,West,Gadget,C1067,41.0,250,10619.57,6096.18,4523.39
2023-02-09 01:00:00,North,Widget,C1000,220.0,100,21479.37,12996.45,8482.91
2023-02-09 02:00:00,East,Gadget,C1079,116.0,250,29677.61,20253.18,9424.43
2023-02-09 03:00:00,West,Widget Pro,C1068,98.0,400,38176.04,25125.58,13050.46
2023-02-09 04:00:00,West,Widget,C1019,93.0,100,9470.4,6296.49,3173.91
2023-02-09 05:00:00,East,Widget,C1066,172.0,100,17442.35,9882.31,7560.05
2023-02-09 06:00:00,East,Widget,C1004,161.0,100,16804.86,9692.97,7111.89
2023-02-09 07:00:00,North,Gadget,C1049,253.0,250,60712.12,38591.77,22120.35
2023-02-09 08:00:00,East,Gadget,C1046,160.0,250,40805.26,24009.44,16795.82
2023-02-09 09:00:00,North,Widget Pro,C1062,122.0,400,46423.86,31946.82,14477.04
2023-02-09 10:00:00,West,Widget Pro,C1046,29.0,400,11562.95,7467.79,4095.16
2023-02-09 11:00:00,South,Gadget Mini,C1007,76.0,180,13565.02,8211.73,5353.3
2023-02-09 12:00:00,West,Widget,C1038,65.0,100,6201.42,3476.26,2725.17
2023-02-09 13:00:00,North,Widget,C1029,194.0,100,19437.8,10985.93,8451.87
2023-02-09 14:00:00,South,Widget,C1022,150.0,100,15039.29,8832.79,6206.5
2023-02-09 15:00:00,South,Gadget,C1073,202.0,250,51742.85,34406.02,17336.83
2023-02-09 16:00:00,South,Gadget,C1021,158.0,250,40152.71,27401.16,12751.55
2023-02-09 17:00:00,East,Gadget,C1068,188.0,250,47022.06,30499.91,16522.15
2023-02-09 18:00:00,West,Gadget,C1041,121.0,250,29803.28,17800.7,12002.58
2023-02-09 19:00:00,West,Gadget,C1041,138.0,250,34959.68,23560.14,11399.54
2023-02-09 20:00:00,East,Gadget,C1032,119.0,250,28898.94,19213.64,9685.3
2023-02-09 21:00:00,South,Gadget,C1004,150.0,250,39224.34,21574.54,17649.8
2023-02-09 22:00:00,West,Gadget,C1038,79.0,250,19784.78,13829.79,5954.98
2023-02-09 23:00:00,North,Enterprise Suite,C1035,167.0,1500,243356.31,145341.08,98015.23
2023-02-10 00:00:00,West,Gadget,C1012,81.0,250,20393.1,12964.75,7428.36
2023-02-10 01:00:00,North,Widget,C1074,254.0,100,24481.56,14812.87,9668.69
2023-02-10 02:00:00,North,Widget,C1072,230.0,100,22540.7,14326.26,8214.44
2023-02-10 03:00:00,West,Widget Pro,C1022,128.0,400,52344.73,35015.26,17329.48
2023-02-10 04:00:00,South,Gadget Mini,C1012,204.0,180,37464.86,25211.12,12253.73
2023-02-10 05:00:00,South,Widget,C1010,273.0,100,27930.05,17775.88,10154.18
2023-02-10 06:00:00,East,Gadget Mini,C1055,124.0,180,21950.36,14969.46,6980.9
2023-02-10 07:00:00,South,Gadget Mini,C1077,260.0,180,48530.6,28342.24,20188.36
2023-02-10 08:00:00,West,Gadget,C1067,94.0,250,23810.66,13289.18,10521.47
2023-02-10 09:00:00,North,Gadget,C1028,102.0,250,24606.43,15387.88,9218.55
2023-02-10 10:00:00,North,Gadget,,160.0,250,41989.47,29210.23,12779.24
2023-02-10 11:00:00,South,Widget,C1018,76.0,100,7548.27,5041.91,2506.36
2023-02-10 12:00:00,North,Widget,C1051,199.0,100,20042.17,11171.44,8870.73
2023-02-10 13:00:00,North,Widget,C1017,145.0,100,14405.01,9430.68,4974.33
2023-02-10 14:00:00,South,Widget,C1071,142.0,100,14051.35,8932.44,5118.91
2023-02-10 15:00:00,East,Widget Pro,C1055,77.0,400,30018.44,16832.74,13185.7
2023-02-10 16:00:00,North,Gadget Mini,C1054,261.0,180,45051.92,29318.08,15733.83
2023-02-10 17:00:00,South,Widget,C1039,119.0,100,11714.98,7594.96,4120.03
2023-02-10 18:00:00,North,Widget,C1079,199.0,100,20539.95,13770.38,6769.57
2023-02-10 19:00:00,North,Widget,C1047,300.0,100,30954.52,17952.16,13002.36
2023-02-10 20:00:00,North,Widget Pro,C1031,263.0,400,100842.77,66650.74,34192.03
2023-02-10 21:00:00,West,Gadget Mini,C1001,88.0,180,16424.1,11053.75,5370.35
2023-02-10 22:00:00,North,Widget Pro,C1042,100.0,400,39220.47,24343.31,14877.17
2023-02-10 23:00:00,North,Gadget,C1033,140.0,250,33963.3,21345.59,12617.71
2023-02-11 00:00:00,South,Gadget,C1002,111.0,250,29116.14,19049.54,10066.59
2023-02-11 01:00:00,South,Gadget Mini,C1007,85.0,180,15341.0,9025.39,6315.61
2023-02-11 02:00:00,North,Widget Pro,C1001,302.0,400,122225.01,68197.01,54028.0
2023-02-11 03:00:00,North,Gadget,C1046,306.0,250,77746.81,53406.64,24340.17
2023-02-11 04:00:00,West,Widget,C1029,118.0,100,12233.54,7920.14,4313.4
2023-02-11 05:00:00,West,Gadget,C1062,128.0,250,32671.0,22398.61,10272.39
2023-02-11 06:00:00,West,Gadget,C1058,128.0,250,30996.54,19375.86,11620.67
2023-02-11 07:00:00,South,Widget Pro,C1039,106.0,400,40448.55,27842.38,12606.17
2023-02-11 08:00:00,North,Widget,C1045,206.0,100,19893.43,11976.18,7917.25
2023-02-11 09:00:00,South,Widget,C1035,104.0,100,10915.83,7606.02,3309.81
2023-02-11 10:00:00,West,Gadget,C1003,42.0,250,10897.61,7449.17,3448.44
2023-02-11 11:00:00,West,Gadget Mini,C1050,55.0,180,9628.33,5789.2,3839.12
2023-02-11 12:00:00,East,Widget,C1078,126.0,100,12451.58,8642.53,3809.05
2023-02-11 13:00:00,West,Gadget,C1054,93.0,250,23057.8,14663.26,8394.54
2023-02-11 14:00:00,West,Gadget Mini,C1026,81.0,180,14331.1,9047.72,5283.37
2023-02-11 15:00:00,East,Gadget,C1017,144.0,250,36662.58,21277.0,15385.58
2023-02-11 16:00:00,North,Widget Pro,C1018,363.0,400,145545.66,83002.92,62542.73
2023-02-11 17:00:00,East,Gadget,C1068,173.0,250,41771.06,23398.98,18372.08
2023-02-11 18:00:00,West,Widget,C1003,125.0,100,12272.0,8368.84,3903.16
2023-02-11 19:00:00,East,Gadget Mini,C1056,111.0,180,19808.25,12116.47,7691.79
2023-02-11 20:00:00,East,Widget Pro,C1019,129.0,400,52306.13,34561.33,17744.81
2023-02-11 21:00:00,East,Widget,C1078,101.0,100,9781.59,6498.57,3283.02
2023-02-11 22:00:00,East,Gadget,C1029,101.0,250,25533.71,16327.64,9206.08
2023-02-11 23:00:00,East,Widget,C1064,88.0,100,8965.56,5572.01,3393.55
2023-02-12 00:00:00,West,Gadget,C1049,91.0,250,23090.27,13336.86,9753.41
2023-02-12 01:00:00,South,Widget,C1001,110.0,100,10662.59,5915.97,4746.62
2023-02-12 02:00:00,West,Enterprise Suite,C1025,126.0,1500,183756.27,119570.37,64185.91
2023-02-12 03:00:00,East,Widget,C1078,134.0,100,13972.32,9750.5,4221.82
2023-02-12 04:00:00,South,Widget,C1051,291.0,100,28976.46,17009.69,11966.77
2023-02-12 05:00:00,East,Gadget,C1050,129.0,250,33295.96,21909.74,11386.21
2023-02-12 06:00:00,East,Widget Pro,C1004,191.0,400,77116.68,48489.78,28626.9
2023-02-12 07:00:00,South,Gadget,C1031,195.0,250,50344.17,28009.6,22334.57
2023-02-12 08:00:00,South,Widget,C1066,133.0,100,13612.78,8625.81,4986.97
2023-02-12 09:00:00,East,Enterprise Suite,C1038,,1500,111917.77,68933.86,42983.91
2023-02-12 10:00:00,East,Widget,C1006,67.0,100,6476.55,3848.12,2628.42
2023-02-12 11:00:00,East,Gadget Mini,C1011,83.0,180,14885.59,9629.71,5255.87
2023-02-12 12:00:00,East,Widget,C1069,91.0,100,9353.65,6460.34,2893.3
2023-02-12 13:00:00,North,Gadget,C1075,149.0,250,37067.05,21381.45,15685.6
2023-02-12 14:00:00,West,Gadget Mini,C1041,94.0,180,17567.27,9899.63,7667.64
2023-02-12 15:00:00,East,Gadget Mini,C1015,188.0,180,34843.31,22918.4,11924.91
2023-02-12 16:00:00,North,Widget Pro,C1049,381.0,400,154443.26,86920.05,67523.22
2023-02-12 17:00:00,East,Enterprise Suite,C1070,160.0,1500,242689.74,139300.26,103389.48
2023-02-12 18:00:00,South,Widget Pro,C1019,210.0,400,87462.92,55523.54,31939.38
2023-02-12 19:00:00,North,Widget,C1039,265.0,100,27213.27,15176.74,12036.52
2023-02-12 20:00:00,North,Widget Pro,C1015,253.0,400,100656.13,64819.32,35836.81
2023-02-12 21:00:00,West,Enterprise Suite,C1001,54.0,1500,76978.62,51176.11,25802.51
2023-02-12 22:00:00,South,Gadget Mini,C1063,101.0,180,18259.09,10058.25,8200.84
2023-02-12 23:00:00,North,Gadget,C1010,51.0,250,12719.03,7777.98,4941.06
2023-02-13 00:00:00,East,Widget,C1071,87.0,100,9032.49,5344.68,3687.81
2023-02-13 01:00:00,West,Widget,C1044,93.0,100,9006.9,5028.19,3978.71
2023-02-13 02:00:00,North,Gadget Mini,C1038,193.0,180,35320.15,23865.9,11454.25
2023-02-13 03:00:00,North,Widget,C1020,345.0,100,33150.66,23174.31,9976.35
2023-02-13 04:00:00,East,Gadget,C1071,109.0,250,27771.87,17753.04,10018.83
2023-02-13 05:00:00,North,Gadget,C1011,216.0,250,54426.42,37539.1,16887.32
2023-02-13 06:00:00,East,Widget,C1054,149.0,100,15492.32,10426.95,5065.37
2023-02-13 07:00:00,West,Widget,C1035,136.0,100,13560.31,7706.37,5853.94
2023-02-13 08:00:00,North,Gadget,C1007,312.0,250,75736.79,44030.16,31706.63
2023-02-13 09:00:00,North,Widget Pro,C1061,156.0,400,63204.83,44121.92,19082.9
2023-02-13 10:00:00,East,Gadget,C1054,106.0,250,27263.69,17885.55,9378.14
2023-02-13 11:00:00,East,Widget,C1045,70.0,100,7017.77,4907.2,2110.57
2023-02-13 12:00:00,West,Gadget,C1063,62.0,250,15494.42,10216.67,5277.74
2023-02-13 13:00:00,South,Widget,C1024,167.0,100,16882.71,11079.92,5802.79
2023-02-13 14:00:00,North,Widget,C1026,255.0,100,25819.92,14657.68,11162.24
2023-02-13 15:00:00,East,Enterprise Suite,C1071,85.0,1500,126404.02,75851.12,50552.91
2023-02-13 16:00:00,West,Widget,C1032,158.0,100,16022.18,10470.53,5551.64
2023-02-13 17:00:00,East,Widget,C1000,186.0,100,18612.44,11141.2,7471.25
2023-02-13 18:00:00,North,Widget,C1003,252.0,100,24938.04,15844.09,9093.95
2023-02-13 19:00:00,West,Widget,C1061,121.0,100,12503.93,8606.98,3896.95
2023-02-13 20:00:00,West,Widget Pro,C1058,106.0,400,43017.57,26766.58,16250.99
2023-02-13 21:00:00,West,Gadget,C1052,84.0,250,20653.73,13788.4,6865.33
2023-02-13 22:00:00,West,Widget,C1040,53.0,100,5311.17,3371.22,1939.95
2023-02-13 23:00:00,South,Widget,C1045,77.0,100,7759.6,4653.88,3105.72
2023-02-14 00:00:00,North,Widget,C1048,151.0,100,15614.52,9382.34,6232.18
2023-02-14 01:00:00,East,Widget Pro,C1076,123.0,400,49549.23,30147.48,19401.75
2023-02-14 02:00:00,North,Widget Pro,C1004,249.0,400,97690.48,66299.89,31390.6
2023-02-14 03:00:00,North,Widget,C1038,238.0,100,24697.38,14960.13,9737.25
2023-02-14 04:00:00,North,Widget,C1025,329.0,100,31624.24,21116.82,10507.42
2023-02-14 05:00:00,West,Gadget,C1064,60.0,250,14287.4,8892.47,5394.93
2023-02-14 06:00:00,North,Widget,C1039,349.0,100,34842.32,23730.47,11111.85
2023-02-14 07:00:00,East,Widget,C1066,81.0,100,8401.16,5656.67,2744.48
2023-02-14 08:00:00,East,Widget,C1066,100.0,100,10224.57,6328.04,3896.53
2023-02-14 09:00:00,North,Widget,C1011,119.0,100,11357.4,7691.44,3665.96
2023-02-14 10:00:00,North,Gadget Mini,C1039,82.0,180,14174.18,9424.8,4749.38
2023-02-14 11:00:00,North,Widget Pro,,206.0,400,83544.13,48578.98,34965.15
2023-02-14 12:00:00,North,Widget,C1015,127.0,100,12470.32,7683.8,4786.52
2023-02-14 13:00:00,North,Widget,C1071,200.0,100,19228.92,13339.96,5888.96
2023-02-14 14:00:00,South,Widget,C1018,158.0,100,15563.5,9303.44,6260.07
2023-02-14 15:00:00,West,Widget Pro,C1039,122.0,400,49161.52,28301.86,20859.67
2023-02-14 16:00:00,East,Widget,C1060,145.0,100,14418.29,8211.38,6206.91
2023-02-14 17:00:00,West,Widget,C1050,97.0,100,9587.09,5396.75,4190.35
2023-02-14 18:00:00,North,Gadget,C1057,341.0,250,86040.75,58114.17,27926.58
2023-02-14 19:00:00,East,Widget,C1068,115.0,100,11865.06,7794.57,4070.49
2023-02-14 20:00:00,North,Gadget Mini,C1011,134.0,180,24757.8,15725.37,9032.43
2023-02-14 21:00:00,West,Gadget Mini,C1059,68.0,180,12201.17,7544.44,4656.73
2023-02-14 22:00:00,South,Gadget Mini,C1033,171.0,180,29683.38,20313.97,9369.41
2023-02-14 23:00:00,West,Widget,C1041,81.0,100,8261.69,5368.26,2893.43
2023-02-15 00:00:00,South,Widget,C1059,97.0,100,9676.07,5831.93,3844.15
2023-02-15 01:00:00,West,Widget,C1065,70.0,100,6894.03,4385.99,2508.04
2023-02-15 02:00:00,North,Widget Pro,C1009,202.0,400,83197.8,49825.54,33372.26
2023-02-15 03:00:00,East,Gadget,C1079,186.0,250,46038.8,28176.49,17862.3
2023-02-15 04:00:00,North,Widget,C1026,307.0,100,30645.89,17158.91,13486.98
2023-02-15 05:00:00,West,Gadget,C1043,138.0,250,35480.88,21831.5,13649.39
2023-02-15 06:00:00,South,Widget,C1073,249.0,100,25304.9,14213.36,11091.54
2023-02-15 07:00:00,West,Widget,C1012,117.0,100,11812.41,7073.35,4739.06
2023-02-15 08:00:00,West,Widget,C1013,88.0,100,9201.18,5156.72,4044.46
2023-02-15 09:00:00,East,Gadget,C1007,85.0,250,21929.71,13138.34,8791.38
2023-02-15 10:00:00,North,Widget Pro,C1000,149.0,400,61908.08,42437.27,19470.81
2023-02-15 11:00:00,East,Gadget,C1078,70.0,250,17417.71,10341.34,7076.37
2023-02-15 12:00:00,South,Widget,C1072,140.0,100,14254.12,8516.69,5737.43
2023-02-15 13:00:00,East,Gadget,C1044,92.0,250,23962.55,16546.18,7416.38
2023-02-15 14:00:00,West,Gadget,C1016,112.0,250,28312.17,17739.38,10572.8
2023-02-15 15:00:00,West,Widget,C1000,109.0,100,11337.17,7881.43,3455.74
2023-02-15 16:00:00,East,Widget Pro,C1003,145.0,400,57183.62,38838.38,18345.24
2023-02-15 17:00:00,North,Widget Pro,C1048,187.0,400,74009.13,44236.67,29772.46
2023-02-15 18:00:00,South,Gadget,C1017,245.0,250,59481.2,34261.86,25219.34
2023-02-15 19:00:00,North,Widget,C1019,277.0,100,28875.82,19519.89,9355.93
2023-02-15 20:00:00,North,Gadget Mini,C1002,274.0,180,47473.21,26192.89,21280.32
2023-02-15 21:00:00,North,Gadget Mini,C1017,22.0,180,4022.54,2800.68,1221.86
2023-02-15 22:00:00,North,Gadget,C1077,268.0,250,66436.23,41084.45,25351.78
2023-02-15 23:00:00,West,Gadget,C1057,58.0,250,14433.87,8856.89,5576.98
2023-02-16 00:00:00,South,Widget,C1063,155.0,100,15383.4,8478.01,6905.38
2023-02-16 01:00:00,West,Widget,C1069,53.0,100,5300.92,3242.18,2058.74
2023-02-16 02:00:00,South,Widget,C1047,184.0,100,17549.67,10924.5,6625.17
2023-02-16 03:00:00,North,Gadget,C1067,200.0,250,50952.49,29109.82,21842.66
2023-02-16 04:00:00,West,Enterprise Suite,C1010,108.0,1500,166517.69,103197.75,63319.94
2023-02-16 05:00:00,South,Gadget,C1009,292.0,250,71140.19,45856.92,25283.26
2023-02-16 06:00:00,East,Gadget,C1043,138.0,250,34774.72,22323.83,12450.88
2023-02-16 07:00:00,South,Widget,C1073,196.0,100,19509.91,13382.01,6127.9
2023-02-16 08:00:00,East,Gadget,C1037,133.0,250,34781.43,23294.29,11487.14
2023-02-16 09:00:00,North,Gadget,C1072,208.0,250,52507.71,31274.15,21233.56
2023-02-16 10:00:00,North,Gadget,C1037,161.0,250,40564.52,25796.15,14768.36
2023-02-16 11:00:00,West,Gadget,C1064,70.0,250,17126.93,9631.78,7495.15
2023-02-16 12:00:00,North,Widget Pro,C1035,285.0,400,111173.38,71414.41,39758.97
2023-02-16 13:00:00,West,Widget,C1075,77.0,100,7400.89,4264.34,3136.56
2023-02-16 14:00:00,East,Gadget,C1030,115.0,250,28375.58,16353.13,12022.45
2023-02-16 15:00:00,South,Widget Pro,C1010,230.0,400,95330.53,57334.38,37996.16
2023-02-16 16:00:00,West,Gadget,C1052,150.0,250,38706.46,26151.72,12554.75
2023-02-16 17:00:00,East,Widget,C1026,181.0,100,17991.73,11616.12,6375.62
2023-02-16 18:00:00,South,Widget Pro,C1014,234.0,400,89428.49,52732.34,36696.15
2023-02-16 19:00:00,North,Gadget,C1068,195.0,250,48634.13,30223.19,18410.94
2023-02-16 20:00:00,North,Gadget,C1067,309.0,250,76400.79,45030.15,31370.64
2023-02-16 21:00:00,West,Widget,C1040,51.0,100,5317.88,3282.85,2035.03
2023-02-16 22:00:00,West,Gadget,C1045,73.0,250,17412.36,11973.73,5438.63
2023-02-16 23:00:00,West,Gadget,C1042,43.0,250,11199.4,7601.63,3597.77
2023-02-17 00:00:00,North,Widget Pro,C1059,149.0,400,58141.85,37072.79,21069.06
2023-02-17 01:00:00,East,Widget Pro,C1024,99.0,400,40527.88,25869.3,14658.58
2023-02-17 02:00:00,South,Gadget,C1001,,250,45120.82,26936.7,18184.12
2023-02-17 03:00:00,East,Widget Pro,C1013,140.0,400,53266.98,30077.46,23189.53
2023-02-17 04:00:00,East,Widget,C1004,187.0,100,19121.22,11239.15,7882.06
2023-02-17 05:00:00,North,Widget,C1027,321.0,100,33507.6,21729.37,11778.23
2023-02-17 06:00:00,West,Gadget,C1077,117.0,250,29858.62,16959.59,12899.03
2023-02-17 07:00:00,North,Gadget,C1023,311.0,250,80859.2,51338.34,29520.86
2023-02-17 08:00:00,West,Gadget,C1009,123.0,250,29991.51,18596.03,11395.47
2023-02-17 09:00:00,East,Gadget Mini,C1041,56.0,180,9854.59,6051.19,3803.41
2023-02-17 10:00:00,North,Widget Pro,C1049,186.0,400,72743.02,40689.4,32053.62
2023-02-17 11:00:00,North,Widget,C1056,181.0,100,18924.65,11159.86,7764.79
2023-02-17 12:00:00,North,Enterprise Suite,C1062,136.0,1500,197893.65,120496.49,77397.16
2023-02-17 13:00:00,North,Gadget,C1013,257.0,250,63808.3,40970.99,22837.31
2023-02-17 14:00:00,West,Widget Pro,C1073,91.0,400,34955.97,19608.13,15347.84
2023-02-17 15:00:00,East,Widget Pro,C1000,132.0,400,50259.08,31394.59,18864.48
2023-02-17 16:00:00,West,Gadget,C1050,119.0,250,29055.15,19031.36,10023.79
2023-02-17 17:00:00,South,Gadget,C1055,216.0,250,56375.52,35155.88,21219.64
2023-02-17 18:00:00,South,Widget Pro,C1028,164.0,400,67648.53,37918.01,29730.52
2023-02-17 19:00:00,North,Enterprise Suite,C1072,179.0,1500,277037.67,172403.3,104634.37
2023-02-17 20:00:00,South,Enterprise Suite,C1007,223.0,1500,328928.56,195852.03,133076.53
2023-02-17 21:00:00,East,Enterprise Suite,C1043,67.0,1500,96386.2,60742.0,35644.2
2023-02-17 22:00:00,North,Gadget,C1022,98.0,250,25152.94,16278.2,8874.74
2023-02-17 23:00:00,South,Enterprise Suite,C1049,17.0,1500,25909.87,15411.98,10497.89
2023-02-18 00:00:00,West,Gadget,C1056,51.0,250,12570.56,7073.82,5496.74
2023-02-18 01:00:00,East,Widget,C1075,54.0,100,5234.27,3443.94,1790.33
2023-02-18 02:00:00,North,Widget,C1063,310.0,100,31907.49,20628.55,11278.94
2023-02-18 03:00:00,South,Widget Pro,C1004,228.0,400,90737.68,63459.67,27278.01
2023-02-18 04:00:00,North,Widget,C1027,248.0,100,25348.11,15483.29,9864.82
2023-02-18 05:00:00,West,Gadget,C1068,181.0,250,45061.63,29367.19,15694.44
2023-02-18 06:00:00,North,Gadget,C1018,340.0,250,88610.93,49226.18,39384.76
2023-02-18 07:00:00,South,Widget,C1031,175.0,100,18212.56,11706.23,6506.33
2023-02-18 08:00:00,East,Widget,C1039,41.0,100,3965.62,2210.81,1754.81
2023-02-18 09:00:00,West,Widget,C1008,132.0,100,13346.82,9013.14,4333.67
2023-02-18 10:00:00,West,Widget,C1028,33.0,100,3299.06,2209.96,1089.1
2023-02-18 11:00:00,North,Widget,C1051,52.0,100,5115.42,3454.87,1660.54
2023-02-18 12:00:00,North,Enterprise Suite,,209.0,1500,315881.57,180241.84,135639.73
2023-02-18 13:00:00,East,Gadget,C1018,157.0,250,38604.35,21931.59,16672.76
2023-02-18 14:00:00,East,Widget,C1031,148.0,100,14607.49,8395.67,6211.82
2023-02-18 15:00:00,West,Widget,C1078,125.0,100,11999.96,8125.23,3874.73
2023-02-18 16:00:00,South,Widget,C1000,232.0,100,24080.73,13535.98,10544.75
2023-02-18 17:00:00,North,Widget,C1053,343.0,100,34820.52,23783.71,11036.81
2023-02-18 18:00:00,East,Widget Pro,C1018,164.0,400,65442.64,37239.08,28203.56
2023-02-18 19:00:00,East,Gadget,C1078,136.0,250,33700.91,23277.67,10423.24
2023-02-18 20:00:00,East,Gadget,C1011,112.0,250,28608.16,18360.93,10247.23
2023-02-18 21:00:00,East,Widget Pro,C1030,89.0,400,35058.36,19306.13,15752.23
2023-02-18 22:00:00,North,Enterprise Suite,C1069,111.0,1500,174438.58,112135.77,62302.81
2023-02-18 23:00:00,South,Gadget,C1006,92.0,250,23290.87,13537.03,9753.84
2023-02-19 00:00:00,North,Widget Pro,C1060,60.0,400,24444.59,16995.98,7448.61
2023-02-19 01:00:00,South,Widget,C1046,128.0,100,13341.02,7445.68,5895.34
2023-02-19 02:00:00,North,Gadget,C1058,165.0,250,40566.47,27210.89,13355.57
2023-02-19 03:00:00,North,Widget Pro,C1003,197.0,400,82147.91,47348.67,34799.24
2023-02-19 04:00:00,South,Widget,C1075,215.0,100,22349.42,14710.62,7638.8
2023-02-19 05:00:00,South,Gadget,C1029,271.0,250,69424.01,47538.5,21885.51
2023-02-19 06:00:00,East,Widget,C1025,168.0,100,16124.75,10653.01,5471.74
2023-02-19 07:00:00,South,Widget,C1055,125.0,100,12463.74,7760.69,4703.05
2023-02-19 08:00:00,North,Gadget Mini,C1017,165.0,180,29566.32,17979.27,11587.06
2023-02-19 09:00:00,South,Widget,C1042,169.0,100,16661.02,9837.57,6823.45
2023-02-19 10:00:00,North,Gadget,C1059,99.0,250,23660.14,13497.52,10162.62
2023-02-19 11:00:00,South,Widget,C1077,95.0,100,9351.4,6386.64,2964.75
2023-02-19 12:00:00,North,Widget Pro,C1073,183.0,400,76514.2,52476.25,24037.95
2023-02-19 13:00:00,West,Gadget Mini,C1062,55.0,180,9490.61,6439.82,3050.79
2023-02-19 14:00:00,West,Widget,C1001,97.0,100,9674.28,5992.39,3681.89
2023-02-19 15:00:00,East,Widget Pro,C1074,92.0,400,35867.69,21488.13,14379.56
2023-02-19 16:00:00,North,Gadget Mini,C1000,253.0,180,47572.23,32685.13,14887.1
2023-02-19 17:00:00,South,Widget,C1064,228.0,100,23920.1,15787.78,8132.32
2023-02-19 18:00:00,North,Gadget,C1012,199.0,250,49646.86,33248.64,16398.23
2023-02-19 19:00:00,South,Widget,C1052,205.0,100,20619.9,11379.37,9240.53
2023-02-19 20:00:00,West,Widget,C1011,94.0,100,9208.04,5958.95,3249.09
2023-02-19 21:00:00,North,Gadget,C1073,211.0,250,50966.01,31542.48,19423.53
2023-02-19 22:00:00,East,Widget,C1051,82.0,100,8162.97,5434.7,2728.27
2023-02-19 23:00:00,North,Gadget Mini,C1000,218.0,180,39737.61,26051.39,13686.22
2023-02-20 00:00:00,West,Widget,C1004,69.0,100,7171.47,4302.42,2869.05
2023-02-20 01:00:00,North,Widget Pro,C1073,157.0,400,64043.79,41108.12,22935.67
2023-02-20 02:00:00,East,Widget Pro,C1007,113.0,400,43305.93,29540.15,13765.78
2023-02-20 03:00:00,South,Gadget Mini,C1049,209.0,180,37108.33,20696.59,16411.74
2023-02-20 04:00:00,South,Gadget,C1071,210.0,250,51794.25,29848.51,21945.74
2023-02-20 05:00:00,East,Gadget,C1042,149.0,250,38269.07,21842.49,16426.58
2023-02-20 06:00:00,North,Widget,C1074,248.0,100,24746.66,17096.78,7649.88
2023-02-20 07:00:00,West,Widget Pro,C1041,95.0,400,38962.06,25875.98,13086.07
2023-02-20 08:00:00,South,Widget,C1008,103.0,100,10485.63,6203.01,4282.63
2023-02-20 09:00:00,South,Gadget,C1060,201.0,250,50257.29,33895.22,16362.07
2023-02-20 10:00:00,East,Gadget,C1079,42.0,250,10534.5,6255.8,4278.7
2023-02-20 11:00:00,South,Gadget,C1008,76.0,250,19367.12,13493.32,5873.8
2023-02-20 12:00:00,North,Gadget Mini,C1022,113.0,180,19500.59,11868.1,7632.48
2023-02-20 13:00:00,North,Enterprise Suite,C1018,230.0,1500,331523.09,196059.91,135463.18
2023-02-20 14:00:00,South,Gadget Mini,C1037,148.0,180,26695.11,17194.09,9501.02
2023-02-20 15:00:00,South,Gadget,C1053,237.0,250,61807.95,38388.04,23419.91
2023-02-20 16:00:00,South,Gadget,C1029,181.0,250,44306.61,24787.0,19519.61
2023-02-20 17:00:00,West,Gadget,C1041,134.0,250,32950.19,20982.87,11967.32
2023-02-20 18:00:00,South,Gadget,C1058,175.0,250,43881.98,27745.27,16136.71
2023-02-20 19:00:00,North,Widget,C1033,376.0,100,38687.95,22275.0,16412.95
2023-02-20 20:00:00,North,Widget,C1018,154.0,100,15073.75,10202.32,4871.43
2023-02-20 21:00:00,South,Gadget,C1068,144.0,250,34798.91,23963.21,10835.69
2023-02-20 22:00:00,North,Enterprise Suite,C1019,188.0,1500,291569.15,190665.49,100903.66
2023-02-20 23:00:00,North,Widget,C1056,165.0,100,17314.73,11015.26,6299.46
2023-02-21 00:00:00,North,Widget,C1040,143.0,100,14389.36,7989.02,6400.34
2023-02-21 01:00:00,West,Widget,C1068,75.0,100,7461.32,5195.47,2265.86
2023-02-21 02:00:00,North,Gadget Mini,C1018,222.0,180,39578.63,24733.18,14845.45
2023-02-21 03:00:00,West,Gadget Mini,C1069,108.0,180,18771.37,13055.91,5715.46
2023-02-21 04:00:00,West,Widget,C1037,146.0,100,14899.96,9254.16,5645.79
2023-02-21 05:00:00,West,Widget Pro,C1072,180.0,400,75557.27,49114.73,26442.54
2023-02-21 06:00:00,East,Gadget Mini,C1061,128.0,180,22668.33,12849.48,9818.85
2023-02-21 07:00:00,West,Widget,C1051,79.0,100,7940.26,4734.08,3206.18
2023-02-21 08:00:00,East,Widget,C1077,107.0,100,10547.41,6317.42,4229.99
2023-02-21 09:00:00,East,Gadget,C1035,161.0,250,39131.63,27014.51,12117.12
2023-02-21 10:00:00,North,Widget,C1011,109.0,100,11280.9,7350.18,3930.72
2023-02-21 11:00:00,West,Widget,C1065,100.0,100,9990.47,6398.65,3591.81
2023-02-21 12:00:00,West,Gadget Mini,C1054,106.0,180,18814.91,10765.74,8049.17
2023-02-21 13:00:00,South,Widget,C1057,109.0,100,10665.27,6427.99,4237.28
2023-02-21 14:00:00,West,Widget,C1053,108.0,100,11046.08,6811.38,4234.7
2023-02-21 15:00:00,West,Widget,C1054,150.0,100,15458.51,10752.23,4706.28
2023-02-21 16:00:00,East,Gadget,C1018,132.0,250,34107.19,21818.04,12289.15
2023-02-21 17:00:00,North,Gadget,C1008,285.0,250,73868.62,51559.98,22308.64
2023-02-21 18:00:00,West,Gadget,C1034,109.0,250,26911.48,14828.03,12083.45
2023-02-21 19:00:00,South,Gadget,C1017,,250,37522.66,24888.27,12634.38
2023-02-21 20:00:00,North,Widget Pro,C1038,184.0,400,72050.45,44929.78,27120.66
2023-02-21 21:00:00,West,Widget,C1003,49.0,100,4929.05,3053.63,1875.42
2023-02-21 22:00:00,East,Widget,C1060,77.0,100,7546.13,4875.43,2670.7
2023-02-21 23:00:00,North,Gadget,C1031,100.0,250,24469.22,14116.44,10352.79
2023-02-22 00:00:00,North,Widget Pro,C1076,166.0,400,66353.85,46155.33,20198.52
2023-02-22 01:00:00,East,Gadget,C1060,47.0,250,11827.05,8045.37,3781.68
2023-02-22 02:00:00,West,Widget Pro,C1002,102.0,400,483391.98,26584.29,456807.69
2023-02-22 03:00:00,West,Widget,C1017,131.0,100,12521.65,7487.35,5034.3
2023-02-22 04:00:00,South,Widget,C1045,128.0,100,12622.29,8146.89,4475.4
2023-02-22 05:00:00,North,Widget,C1024,317.0,100,32140.46,18047.64,14092.82
2023-02-22 06:00:00,East,Widget,C1069,177.0,100,16982.28,11257.46,5724.82
2023-02-22 07:00:00,North,Widget,C1034,191.0,100,19758.94,13238.13,6520.81
2023-02-22 08:00:00,East,Gadget,C1018,155.0,250,37183.85,23686.38,13497.48
2023-02-22 09:00:00,North,Gadget,C1043,204.0,250,50352.37,31356.18,18996.2
2023-02-22 10:00:00,West,Widget,C1024,49.0,100,4761.76,2978.52,1783.24
2023-02-22 11:00:00,East,Gadget,C1068,69.0,250,17577.15,12178.76,5398.4
2023-02-22 12:00:00,East,Widget Pro,C1009,92.0,400,37913.5,23225.88,14687.61
2023-02-22 13:00:00,North,Widget,,185.0,100,17607.15,10603.58,7003.57
2023-02-22 14:00:00,North,Gadget,C1043,249.0,250,65285.2,41029.67,24255.53
2023-02-22 15:00:00,North,Widget,C1016,207.0,100,21206.03,12040.56,9165.47
2023-02-22 16:00:00,West,Widget,C1016,127.0,100,12352.75,7026.26,5326.49
2023-02-22 17:00:00,West,Gadget,C1002,94.0,250,24118.11,13669.14,10448.97
2023-02-22 18:00:00,East,Widget Pro,C1065,140.0,400,53438.09,30255.19,23182.91
2023-02-22 19:00:00,South,Gadget,C1038,151.0,250,39292.2,21865.8,17426.4
2023-02-22 20:00:00,East,Widget Pro,C1026,89.0,400,36605.24,25184.94,11420.3
2023-02-22 21:00:00,South,Widget,C1018,181.0,100,18408.79,10205.63,8203.16
2023-02-22 22:00:00,West,Gadget Mini,C1020,92.0,180,17303.2,10419.56,6883.64
2023-02-22 23:00:00,West,Widget Pro,C1008,76.0,400,30743.39,19237.26,11506.13
2023-02-23 00:00:00,North,Gadget,C1024,93.0,250,22120.01,12886.01,9234.01
2023-02-23 01:00:00,West,Widget,C1012,70.0,100,7177.81,3952.46,3225.35
2023-02-23 02:00:00,West,Gadget Mini,C1075,123.0,180,22917.77,14236.69,8681.08
2023-02-23 03:00:00,North,Gadget,C1048,266.0,250,63888.71,43138.38,20750.33
2023-02-23 04:00:00,South,Gadget,C1040,301.0,250,74554.52,49519.97,25034.56
2023-02-23 05:00:00,North,Widget,C1036,318.0,100,30642.2,20356.87,10285.33
2023-02-23 06:00:00,South,Widget,C1036,216.0,100,21228.73,12044.3,9184.43
2023-02-23 07:00:00,South,Widget Pro,C1028,175.0,400,71309.33,48216.77,23092.56
2023-02-23 08:00:00,South,Widget,C1008,165.0,100,17086.35,9881.34,7205.01
2023-02-23 09:00:00,West,Widget Pro,C1001,74.0,400,30899.68,18697.9,12201.78
2023-02-23 10:00:00,West,Gadget,C1010,83.0,250,19930.73,12271.53,7659.21
2023-02-23 11:00:00,North,Widget,C1021,195.0,100,19880.32,13849.34,6030.98
2023-02-23 12:00:00,North,Enterprise Suite,C1051,110.0,1500,162337.42,103773.24,58564.18
2023-02-23 13:00:00,North,Widget Pro,C1074,108.0,400,44172.87,26140.52,18032.35
2023-02-23 14:00:00,South,Widget Pro,C1045,86.0,400,35435.39,24502.99,10932.39
2023-02-23 15:00:00,South,Gadget,C1035,208.0,250,51503.11,32069.95,19433.16
2023-02-23 16:00:00,North,Gadget,C1029,225.0,250,54124.82,33741.48,20383.34
2023-02-23 17:00:00,East,Widget,C1008,89.0,100,8543.65,4766.74,3776.91
2023-02-23 18:00:00,South,Widget,C1041,224.0,100,21681.17,13890.86,7790.32
2023-02-23 19:00:00,North,Gadget,C1066,395.0,250,94763.79,53207.75,41556.05
2023-02-23 20:00:00,East,Widget Pro,C1062,109.0,400,42300.42,27466.26,14834.17
2023-02-23 21:00:00,South,Gadget,C1002,165.0,250,42526.61,26837.67,15688.95
2023-02-23 22:00:00,West,Widget,C1049,68.0,100,6752.68,4640.72,2111.96
2023-02-23 23:00:00,South,Gadget Mini,C1022,100.0,180,17896.6,9939.72,7956.88
2023-02-24 00:00:00,South,Gadget Mini,C1062,148.0,180,26115.31,17129.26,8986.05
2023-02-24 01:00:00,South,Widget,C1072,120.0,100,11866.9,7886.76,3980.14
2023-02-24 02:00:00,East,Gadget,C1060,117.0,250,29792.22,18942.83,10849.39
2023-02-24 03:00:00,South,Widget,C1075,200.0,100,19111.47,11266.38,7845.09
2023-02-24 04:00:00,West,Gadget,C1041,107.0,250,26356.14,18361.47,7994.68
2023-02-24 05:00:00,North,Gadget,C1074,351.0,250,84487.44,51111.65,33375.79
2023-02-24 06:00:00,North,Gadget Mini,C1044,277.0,180,49068.51,27704.2,21364.3
2023-02-24 07:00:00,West,Gadget,C1030,93.0,250,22218.74,13034.28,9184.47
2023-02-24 08:00:00,East,Gadget,C1039,124.0,250,32272.21,18066.79,14205.42
2023-02-24 09:00:00,North,Widget,C1054,132.0,100,13250.71,7362.18,5888.53
2023-02-24 10:00:00,South,Gadget Mini,C1075,112.0,180,19689.5,12884.69,6804.82
2023-02-24 11:00:00,North,Widget,C1012,142.0,100,14299.9,8556.54,5743.37
2023-02-24 12:00:00,West,Widget,C1064,91.0,100,9259.35,5559.27,3700.08
2023-02-24 13:00:00,West,Gadget,C1055,89.0,250,21508.25,12795.86,8712.39
2023-02-24 14:00:00,North,Gadget,C1068,218.0,250,57083.88,32041.08,25042.8
2023-02-24 15:00:00,North,Widget,C1028,303.0,100,29685.88,18881.05,10804.83
2023-02-24 16:00:00,East,Enterprise Suite,C1075,181.0,1500,277410.74,176635.46,100775.28
2023-02-24 17:00:00,North,Widget,C1026,327.0,100,33684.88,20928.09,12756.79
2023-02-24 18:00:00,North,Widget,C1038,287.0,100,29629.13,18538.83,11090.3
2023-02-24 19:00:00,South,Gadget,C1079,135.0,250,32737.76,19981.33,12756.43
2023-02-24 20:00:00,South,Gadget,C1066,117.0,250,29389.12,20047.33,9341.79
2023-02-24 21:00:00,West,Gadget,C1059,71.0,250,17240.49,11970.38,5270.12
2023-02-24 22:00:00,North,Gadget,C1055,119.0,250,30669.08,20791.06,9878.01
2023-02-24 23:00:00,West,Widget Pro,C1059,57.0,400,21796.53,12644.11,9152.42
2023-02-25 00:00:00,North,Widget,C1055,156.0,100,15889.08,9454.66,6434.42
2023-02-25 01:00:00,South,Gadget Mini,C1052,153.0,180,28672.27,18496.17,10176.1
2023-02-25 02:00:00,North,Widget,C1030,216.0,100,20866.86,13626.65,7240.21
2023-02-25 03:00:00,South,Widget,C1039,207.0,100,20062.27,11773.3,8288.97
2023-02-25 04:00:00,South,Gadget,C1004,211.0,250,52413.1,33913.28,18499.82
2023-02-25 05:00:00,North,Widget,C1035,188.0,100,17914.79,11975.15,5939.64
2023-02-25 06:00:00,East,Widget,C1062,117.0,100,12112.45,8412.92,3699.53
2023-02-25 07:00:00,East,Widget,C1038,125.0,100,12995.63,7759.51,5236.13
2023-02-25 08:00:00,West,Gadget Mini,C1011,66.0,180,11769.52,7114.86,4654.67
2023-02-25 09:00:00,South,Widget Pro,C1073,155.0,400,64125.05,37539.2,26585.85
2023-02-25 10:00:00,East,Gadget Mini,C1067,118.0,180,21286.64,14354.59,6932.05
2023-02-25 11:00:00,North,Gadget Mini,C1040,210.0,180,36809.93,20920.61,15889.32
2023-02-25 12:00:00,North,Gadget,C1030,141.0,250,34862.08,23087.62,11774.45
2023-02-25 13:00:00,West,Widget,C1035,113.0,100,10855.7,6319.28,4536.42
2023-02-25 14:00:00,South,Widget,C1047,165.0,100,16647.64,10380.7,6266.94
2023-02-25 15:00:00,East,Widget,C1031,119.0,100,11954.44,7426.43,4528.0
2023-02-25 16:00:00,West,Gadget Mini,C1047,109.0,180,20477.34,12377.52,8099.82
2023-02-25 17:00:00,West,Widget,C1006,121.0,100,12664.83,8116.54,4548.29
2023-02-25 18:00:00,East,Widget Pro,C1039,132.0,400,51425.49,32547.66,18877.82
2023-02-25 19:00:00,East,Widget Pro,C1068,133.0,400,55344.8,36128.38,19216.42
2023-02-25 20:00:00,West,Gadget Mini,C1050,98.0,180,17443.26,11974.25,5469.01
2023-02-25 21:00:00,West,Gadget Mini,C1030,78.0,180,13760.45,9500.88,4259.57
2023-02-25 22:00:00,North,Gadget Mini,C1040,177.0,180,30777.48,18953.6,11823.88
2023-02-25 23:00:00,West,Widget Pro,C1010,90.0,400,35662.64,19795.7,15866.94
2023-02-26 00:00:00,West,Gadget Mini,C1042,88.0,180,15794.21,9665.17,6129.03
2023-02-26 01:00:00,East,Gadget Mini,C1033,49.0,180,9102.45,6131.96,2970.49
2023-02-26 02:00:00,South,Widget,C1041,57.0,100,5758.21,3869.6,1888.61
2023-02-26 03:00:00,South,Widget,C1056,225.0,100,21492.22,13889.11,7603.11
2023-02-26 04:00:00,East,Widget,C1040,105.0,100,10395.69,6697.37,3698.33
2023-02-26 05:00:00,South,Widget,C1016,207.0,100,20181.68,13260.06,6921.62
2023-02-26 06:00:00,West,Gadget,C1061,96.0,250,24702.34,14769.77,9932.57
2023-02-26 07:00:00,West,Widget,C1041,68.0,100,6577.97,4203.01,2374.95
2023-02-26 08:00:00,East,Widget,C1048,124.0,100,12293.98,7097.11,5196.87
2023-02-26 09:00:00,West,Gadget Mini,C1071,96.0,180,16803.91,11631.94,5171.97
2023-02-26 10:00:00,East,Gadget,C1025,60.0,250,15610.27,10866.61,4743.66
2023-02-26 11:00:00,North,Gadget Mini,C1076,1.0,180,171.9,110.48,61.42
2023-02-26 12:00:00,North,Widget,C1015,,100,12137.54,8400.23,3737.31
2023-02-26 13:00:00,North,Gadget,C1063,203.0,250,52137.3,35935.25,16202.04
2023-02-26 14:00:00,North,Widget Pro,,138.0,400,53491.8,36336.47,17155.33
2023-02-26 15:00:00,North,Gadget,C1076,268.0,250,64522.34,43775.22,20747.11
2023-02-26 16:00:00,North,Widget Pro,C1023,285.0,400,116584.47,67432.98,49151.49
2023-02-26 17:00:00,South,Widget,C1079,239.0,100,23398.56,13788.07,9610.49
2023-02-26 18:00:00,South,Widget,C1010,213.0,100,21476.58,13897.18,7579.4
2023-02-26 19:00:00,North,Widget,C1027,204.0,100,20039.42,13104.85,6934.57
2023-02-26 20:00:00,East,Widget Pro,C1012,142.0,400,58141.07,34212.17,23928.9
2023-02-26 21:00:00,South,Widget,C1045,125.0,100,13038.83,8092.42,4946.41
2023-02-26 22:00:00,West,Gadget Mini,C1005,65.0,180,12246.64,7834.6,4412.04
2023-02-26 23:00:00,North,Gadget,C1047,91.0,250,22479.13,15659.61,6819.53
2023-02-27 00:00:00,North,Gadget Mini,C1021,128.0,180,21982.75,12681.98,9300.77
2023-02-27 01:00:00,South,Gadget Mini,C1040,96.0,180,17933.01,10218.01,7715.0
2023-02-27 02:00:00,East,Gadget,C1016,105.0,250,25621.07,15295.53,10325.53
2023-02-27 03:00:00,South,Enterprise Suite,C1055,256.0,1500,375590.42,226889.98,148700.44
2023-02-27 04:00:00,North,Gadget Mini,C1033,211.0,180,38408.91,25512.53,12896.38
2023-02-27 05:00:00,South,Gadget,C1062,151.0,250,36485.31,24099.66,12385.66
2023-02-27 06:00:00,East,Widget,C1056,183.0,100,18946.05,12288.65,6657.4
2023-02-27 07:00:00,North,Widget,C1033,246.0,100,23935.46,13293.26,10642.2
2023-02-27 08:00:00,North,Gadget,C1063,183.0,250,43993.31,30103.58,13889.73
2023-02-27 09:00:00,North,Widget,C1063,238.0,100,24297.49,15131.99,9165.5
2023-02-27 10:00:00,North,Widget Pro,C1026,120.0,400,46310.66,27899.42,18411.24
2023-02-27 11:00:00,West,Widget,C1034,105.0,100,10151.71,6358.12,3793.59
2023-02-27 12:00:00,South,Gadget,C1000,138.0,250,33507.77,23445.41,10062.36
2023-02-27 13:00:00,South,Gadget,C1063,112.0,250,27765.97,15591.3,12174.68
2023-02-27 14:00:00,East,Gadget Mini,C1015,169.0,180,28977.98,18899.35,10078.63
2023-02-27 15:00:00,South,Gadget,C1019,163.0,250,42588.72,28770.66,13818.06
2023-02-27 16:00:00,North,Gadget,C1034,327.0,250,83448.0,51902.84,31545.16
2023-02-27 17:00:00,South,Widget,C1057,227.0,100,23766.38,15410.74,8355.64
2023-02-27 18:00:00,North,Widget Pro,C1072,358.0,400,146555.46,101652.39,44903.07
2023-02-27 19:00:00,North,Gadget Mini,C1007,344.0,180,63787.25,37790.31,25996.93
2023-02-27 20:00:00,East,Gadget,C1032,110.0,250,27781.3,15665.39,12115.91
2023-02-27 21:00:00,North,Enterprise Suite,C1026,140.0,1500,217675.83,122633.82,95042.0
2023-02-27 22:00:00,North,Widget Pro,C1019,178.0,400,69668.74,46182.28,23486.46
2023-02-27 23:00:00,North,Gadget,C1039,105.0,250,26072.44,17493.38,8579.06
2023-02-28 00:00:00,West,Gadget,C1047,114.0,250,28098.28,15859.14,12239.14
2023-02-28 01:00:00,South,Gadget,C1072,137.0,250,35570.04,22105.57,13464.47
2023-02-28 02:00:00,East,Widget,C1023,99.0,100,9823.31,5945.42,3877.9
2023-02-28 03:00:00,South,Gadget,C1059,195.0,250,46509.64,27964.46,18545.17
2023-02-28 04:00:00,East,Gadget,C1067,106.0,250,27066.13,18664.81,8401.32
2023-02-28 05:00:00,East,Gadget,C1061,121.0,250,29616.88,18232.25,11384.63
2023-02-28 06:00:00,North,Enterprise Suite,C1031,352.0,1500,537731.78,319983.37,217748.41
2023-02-28 07:00:00,South,Widget,C1005,161.0,100,15371.84,8630.98,6740.86
2023-02-28 08:00:00,South,Gadget,C1072,118.0,250,29243.41,18122.09,11121.31
2023-02-28 09:00:00,West,Widget,C1002,91.0,100,9177.87,6106.01,3071.86
2023-02-28 10:00:00,North,Gadget,C1050,218.0,250,52753.56,30456.28,22297.28
2023-02-28 11:00:00,North,Gadget,C1058,182.0,250,46429.92,27722.93,18706.99
2023-02-28 12:00:00,East,Gadget,C1023,104.0,250,26800.37,16112.39,10687.98
2023-02-28 13:00:00,North,Widget,C1013,139.0,100,14570.24,8580.38,5989.86
2023-02-28 14:00:00,South,Widget,C1061,103.0,100,10191.78,5625.82,4565.96
2023-02-28 15:00:00,South,Gadget,C1062,248.0,250,62977.85,41668.47,21309.37
2023-02-28 16:00:00,North,Widget Pro,C1050,268.0,400,108451.5,70883.83,37567.67
2023-02-28 17:00:00,West,Widget,C1002,122.0,100,11754.84,6801.59,4953.25
2023-02-28 18:00:00,East,Widget,C1018,179.0,100,17053.0,10609.82,6443.18
2023-02-28 19:00:00,East,Gadget,C1024,144.0,250,36453.81,24369.44,12084.38
2023-02-28 20:00:00,North,Widget Pro,C1014,245.0,400,94552.02,57987.04,36564.98
2023-02-28 21:00:00,North,Widget,C1060,300.0,100,30607.79,21259.56,9348.23
2023-02-28 22:00:00,North,Gadget,C1050,117.0,250,28497.19,16933.74,11563.46
2023-02-28 23:00:00,North,Widget,C1053,194.0,100,19653.0,12911.31,6741.69
2023-03-01 00:00:00,West,Widget Pro,C1037,67.0,400,27056.85,17130.93,9925.92
2023-03-01 01:00:00,North,Widget,C1062,196.0,100,19626.18,12927.61,6698.57
2023-03-01 02:00:00,North,Widget,C1070,304.0,100,28937.82,18417.78,10520.04
2023-03-01 03:00:00,North,Gadget Mini,C1063,286.0,180,51053.42,31704.21,19349.21
2023-03-01 04:00:00,East,Gadget,C1020,158.0,250,39295.89,24184.04,15111.84
2023-03-01 05:00:00,North,Widget,C1028,355.0,100,34945.66,20436.76,14508.9
2023-03-01 06:00:00,South,Gadget,C1059,193.0,250,50284.87,34094.05,16190.82
2023-03-01 07:00:00,North,Widget,C1046,212.0,100,21648.14,15023.17,6624.97
2023-03-01 08:00:00,East,Widget Pro,C1036,81.0,400,33516.28,21560.23,11956.05
2023-03-01 09:00:00,East,Widget,C1020,36.0,100,3593.84,2070.03,1523.81
2023-03-01 10:00:00,East,Widget,C1038,133.0,100,13188.26,9219.45,3968.81
2023-03-01 11:00:00,North,Gadget,C1033,82.0,250,21523.49,12996.27,8527.22
2023-03-01 12:00:00,South,Widget,C1004,102.0,100,10534.51,7207.38,3327.13
2023-03-01 13:00:00,West,Widget,C1071,71.0,100,6825.92,3986.36,2839.56
2023-03-01 14:00:00,North,Widget,C1005,236.0,100,23223.17,14010.21,9212.95
2023-03-01 15:00:00,East,Gadget,C1065,151.0,250,39246.1,26609.3,12636.8
2023-03-01 16:00:00,East,Widget,C1058,167.0,100,15949.2,11035.9,4913.31
2023-03-01 17:00:00,West,Widget Pro,C1078,114.0,400,47764.45,31870.73,15893.72
2023-03-01 18:00:00,East,Gadget Mini,C1013,138.0,180,25643.85,14265.55,11378.29
2023-03-01 19:00:00,North,Widget,C1037,274.0,100,26592.76,16068.56,10524.2
2023-03-01 20:00:00,East,Widget Pro,C1019,103.0,400,41193.37,28035.13,13158.24
2023-03-01 21:00:00,East,Widget,C1056,134.0,100,12914.62,8746.93,4167.68
2023-03-01 22:00:00,West,Widget Pro,C1060,77.0,400,29280.29,19770.7,9509.59
2023-03-01 23:00:00,North,Gadget,C1053,183.0,250,43852.44,26568.68,17283.76
2023-03-02 00:00:00,South,Gadget,C1053,138.0,250,33298.06,22077.48,11220.58
2023-03-02 01:00:00,East,Widget,C1058,123.0,100,12212.45,8398.54,3813.91
2023-03-02 02:00:00,West,Gadget,C1056,99.0,250,25200.94,17427.99,7772.95
2023-03-02 03:00:00,North,Widget,C1010,187.0,100,19272.68,13327.95,5944.73
2023-03-02 04:00:00,North,Gadget,C1050,308.0,250,79097.27,48653.59,30443.68
2023-03-02 05:00:00,East,Gadget,C1007,130.0,250,32959.76,22589.85,10369.91
2023-03-02 06:00:00,West,Enterprise Suite,C1037,111.0,1500,171479.53,116841.35,54638.18
2023-03-02 07:00:00,South,Gadget Mini,C1040,211.0,180,38742.6,26384.95,12357.65
2023-03-02 08:00:00,West,Widget,C1018,124.0,100,12126.93,7629.88,4497.04
2023-03-02 09:00:00,East,Gadget,C1079,91.0,250,22079.18,13946.62,8132.56
2023-03-02 10:00:00,East,Gadget,C1051,85.0,250,22073.81,14728.41,7345.4
2023-03-02 11:00:00,East,Gadget Mini,C1049,118.0,180,20357.01,12837.44,7519.57
2023-03-02 12:00:00,East,Widget Pro,C1036,83.0,400,31958.34,22332.12,9626.22
2023-03-02 13:00:00,North,Gadget,C1020,324.0,250,79479.24,47775.48,31703.77
2023-03-02 14:00:00,North,Gadget Mini,C1038,251.0,180,45360.42,26708.37,18652.04
2023-03-02 15:00:00,East,Enterprise Suite,,80.0,1500,115325.3,64465.91,50859.4
2023-03-02 16:00:00,North,Gadget,C1015,328.0,250,78915.27,52359.02,26556.25
2023-03-02 17:00:00,South,Gadget,C1030,231.0,250,54892.61,32982.06,21910.55
2023-03-02 18:00:00,West,Enterprise Suite,C1068,154.0,1500,232515.3,159075.53,73439.76
2023-03-02 19:00:00,West,Widget,C1073,127.0,100,12444.99,8089.72,4355.27
2023-03-02 20:00:00,East,Widget Pro,C1041,106.0,400,42483.39,24943.91,17539.48
2023-03-02 21:00:00,South,Widget,C1018,83.0,100,8531.2,5273.53,3257.67
2023-03-02 22:00:00,East,Widget Pro,C1016,70.0,400,26829.45,15006.49,11822.96
2023-03-02 23:00:00,South,Gadget,C1075,69.0,250,17024.53,10707.38,6317.15
2023-03-03 00:00:00,South,Widget Pro,C1054,88.0,400,36509.49,23280.12,13229.38
2023-03-03 01:00:00,West,Gadget,C1053,92.0,250,24029.99,15853.96,8176.02
2023-03-03 02:00:00,West,Widget,C1016,134.0,100,12900.35,8471.3,4429.04
2023-03-03 03:00:00,West,Gadget,C1058,120.0,250,30087.42,19682.31,10405.12
2023-03-03 04:00:00,South,Widget Pro,C1015,160.0,400,66842.05,40466.16,26375.88
2023-03-03 05:00:00,East,Gadget,C1005,,250,38483.47,24466.43,14017.04
2023-03-03 06:00:00,South,Widget,C1037,256.0,100,25100.61,15215.21,9885.4
2023-03-03 07:00:00,South,Widget Pro,C1006,163.0,400,62866.75,40136.88,22729.87
2023-03-03 08:00:00,West,Widget,C1062,91.0,100,8902.97,5141.12,3761.85
2023-03-03 09:00:00,North,Gadget,C1061,182.0,250,43532.42,24234.6,19297.82
2023-03-03 10:00:00,South,Gadget,C1060,80.0,250,20800.57,13878.19,6922.38
2023-03-03 11:00:00,West,Widget Pro,C1058,77.0,400,29669.05,16934.45,12734.6
2023-03-03 12:00:00,East,Gadget,C1011,73.0,250,17609.39,11607.75,6001.64
2023-03-03 13:00:00,East,Gadget,C1050,102.0,250,25269.55,14780.75,10488.8
2023-03-03 14:00:00,North,Widget,C1035,171.0,100,17391.46,10721.22,6670.24
2023-03-03 15:00:00,East,Gadget Mini,C1039,117.0,180,21496.38,13667.38,7829.0
2023-03-03 16:00:00,South,Widget,C1079,237.0,100,23840.67,13800.5,10040.16
2023-03-03 17:00:00,South,Widget Pro,C1060,201.0,400,84076.63,52822.24,31254.39
2023-03-03 18:00:00,South,Widget,C1002,277.0,100,28138.36,17720.95,10417.42
2023-03-03 19:00:00,North,Widget,C1074,236.0,100,24378.07,16475.62,7902.45
2023-03-03 20:00:00,South,Widget Pro,C1005,168.0,400,67918.06,41448.34,26469.73
2023-03-03 21:00:00,South,Gadget Mini,C1003,169.0,180,29933.15,17273.71,12659.44
2023-03-03 22:00:00,West,Widget,C1012,32.0,100,3122.3,1770.96,1351.34
2023-03-03 23:00:00,South,Widget,C1019,33.0,100,3195.28,2125.65,1069.63
2023-03-04 00:00:00,North,Gadget,C1041,69.0,250,16679.35,10711.0,5968.35
2023-03-04 01:00:00,North,Widget Pro,C1018,250.0,400,97980.24,55340.38,42639.86
2023-03-04 02:00:00,South,Widget,C1015,137.0,100,13529.45,9121.03,4408.42
2023-03-04 03:00:00,North,Widget,C1065,399.0,100,40287.05,23587.01,16700.04
2023-03-04 04:00:00,East,Widget,C1059,127.0,100,12211.15,6827.19,5383.96
2023-03-04 05:00:00,South,Widget,C1002,223.0,100,21249.46,13706.57,7542.9
2023-03-04 06:00:00,North,Enterprise Suite,C1071,371.0,1500,566244.17,332355.55,233888.62
2023-03-04 07:00:00,East,Widget,C1064,184.0,100,18525.57,11428.38,7097.2
2023-03-04 08:00:00,North,Enterprise Suite,C1031,333.0,1500,493171.6,344133.32,149038.28
2023-03-04 09:00:00,South,Gadget,C1000,180.0,250,46851.72,28943.18,17908.54
2023-03-04 10:00:00,West,Enterprise Suite,C1021,90.0,1500,136629.85,88530.52,48099.33
2023-03-04 11:00:00,North,Gadget Mini,C1048,175.0,180,31443.89,20114.03,11329.86
2023-03-04 12:00:00,West,Widget Pro,C1036,84.0,400,32634.85,22064.51,10570.34
2023-03-04 13:00:00,North,Widget Pro,C1050,151.0,400,60781.01,36170.52,24610.49
2023-03-04 14:00:00,East,Widget Pro,C1055,87.0,400,35583.26,24901.99,10681.27
2023-03-04 15:00:00,North,Gadget,C1043,258.0,250,66448.26,45356.9,21091.36
2023-03-04 16:00:00,East,Enterprise Suite,C1041,138.0,1500,211300.51,124868.45,86432.06
2023-03-04 17:00:00,North,Gadget,C1017,272.0,250,68676.69,37935.71,30740.98
2023-03-04 18:00:00,East,Widget,C1022,162.0,100,16161.98,11074.46,5087.52
2023-03-04 19:00:00,South,Gadget Mini,C1068,226.0,180,41507.02,27576.01,13931.01
2023-03-04 20:00:00,North,Gadget Mini,C1056,224.0,180,40929.91,25818.48,15111.43
2023-03-04 21:00:00,East,Widget,C1045,131.0,100,13509.74,9107.19,4402.55
2023-03-04 22:00:00,South,Widget Pro,C1015,65.0,400,26810.86,18702.43,8108.43
2023-03-04 23:00:00,South,Gadget Mini,C1002,96.0,180,17184.23,10022.33,7161.9
2023-03-05 00:00:00,East,Gadget,C1078,56.0,250,14292.88,8271.67,6021.21
2023-03-05 01:00:00,East,Widget Pro,C1046,39.0,400,15164.99,10570.27,4594.72
2023-03-05 02:00:00,North,Gadget,C1000,215.0,250,54846.76,35151.51,19695.25
2023-03-05 03:00:00,North,Widget Pro,C1072,251.0,400,99356.71,67610.99,31745.72
2023-03-05 04:00:00,South,Widget,C1077,269.0,100,26076.24,17231.76,8844.48
2023-03-05 05:00:00,South,Widget,C1033,241.0,100,23204.07,12988.65,10215.42
2023-03-05 06:00:00,West,Gadget Mini,C1035,99.0,180,18498.95,12197.0,6301.95
2023-03-05 07:00:00,North,Gadget,C1068,360.0,250,94427.56,61750.7,32676.86
2023-03-05 08:00:00,East,Gadget,C1054,143.0,250,37119.59,20426.66,16692.93
2023-03-05 09:00:00,East,Gadget Mini,C1055,106.0,180,18224.95,12590.05,5634.9
2023-03-05 10:00:00,West,Gadget,C1063,60.0,250,14432.58,9059.97,5372.61
2023-03-05 11:00:00,South,Widget Pro,C1035,65.0,400,26997.89,15758.19,11239.7
2023-03-05 12:00:00,West,Gadget,C1042,57.0,250,13988.14,8515.69,5472.46
2023-03-05 13:00:00,North,Gadget,C1054,241.0,250,57390.37,37913.03,19477.34
2023-03-05 14:00:00,West,Gadget Mini,C1008,139.0,180,24261.59,14542.0,9719.59
2023-03-05 15:00:00,East,Widget,C1075,171.0,100,17065.74,11454.68,5611.06
2023-03-05 16:00:00,East,Gadget Mini,C1060,129.0,180,24010.66,14096.01,9914.65
2023-03-05 17:00:00,North,Widget,C1030,235.0,100,22452.92,13472.61,8980.31
2023-03-05 18:00:00,West,Widget Pro,C1057,127.0,400,51407.4,34166.12,17241.28
2023-03-05 19:00:00,South,Widget,C1040,117.0,100,11186.0,6208.25,4977.75
2023-03-05 20:00:00,West,Gadget,C1056,102.0,250,26220.75,14665.27,11555.47
2023-03-05 21:00:00,North,Gadget,C1007,173.0,250,42955.2,24281.47,18673.74
2023-03-05 22:00:00,South,Widget,C1052,92.0,100,9090.94,5130.69,3960.24
2023-03-05 23:00:00,North,Gadget,C1049,55.0,250,13969.62,7705.52,6264.1
2023-03-06 00:00:00,South,Gadget,C1003,132.0,250,33396.7,18875.53,14521.16
2023-03-06 01:00:00,South,Widget,C1076,110.0,100,10661.73,6028.18,4633.55
2023-03-06 02:00:00,East,Gadget,C1016,77.0,250,19906.0,13648.66,6257.34
2023-03-06 03:00:00,East,Widget,C1056,50.0,100,4960.5,3267.45,1693.05
2023-03-06 04:00:00,North,Widget,C1074,285.0,100,27200.6,15481.28,11719.32
2023-03-06 05:00:00,South,Enterprise Suite,C1069,286.0,1500,439912.63,262486.29,177426.34
2023-03-06 06:00:00,East,Widget,C1047,189.0,100,18538.39,11149.64,7388.75
2023-03-06 07:00:00,West,Gadget,C1030,100.0,250,25394.19,14517.61,10876.58
2023-03-06 08:00:00,South,Widget Pro,C1025,135.0,400,55936.99,34306.67,21630.32
2023-03-06 09:00:00,West,Gadget,C1024,89.0,250,21585.31,12093.4,9491.91
2023-03-06 10:00:00,East,Gadget,C1042,49.0,250,12840.36,8217.37,4622.99
2023-03-06 11:00:00,West,Gadget,C1042,68.0,250,16720.62,9947.85,6772.78
2023-03-06 12:00:00,North,Gadget,C1028,195.0,250,50159.81,27905.35,22254.46
2023-03-06 13:00:00,West,Gadget,C1027,107.0,250,27266.86,16904.92,10361.94
2023-03-06 14:00:00,North,Widget Pro,C1048,214.0,400,89474.16,53660.09,35814.06
2023-03-06 15:00:00,North,Widget,C1009,247.0,100,25910.0,15660.59,10249.41
2023-03-06 16:00:00,South,Gadget,,173.0,250,41703.39,25691.84,16011.55
2023-03-06 17:00:00,West,Widget,C1036,108.0,100,11313.33,6560.25,4753.09
2023-03-06 18:00:00,North,Gadget Mini,C1070,274.0,180,50399.3,30288.6,20110.7
2023-03-06 19:00:00,North,Widget,C1012,278.0,100,26899.5,15851.02,11048.48
2023-03-06 20:00:00,North,Gadget,C1014,270.0,250,66682.73,44551.54,22131.19
2023-03-06 21:00:00,North,Widget,C1047,137.0,100,13640.0,8258.28,5381.71
2023-03-06 22:00:00,East,Gadget Mini,C1055,117.0,180,22064.78,15437.71,6627.06
2023-03-06 23:00:00,West,Widget,C1024,55.0,100,5304.44,3652.76,1651.68
2023-03-07 00:00:00,North,Widget,C1031,152.0,100,15008.87,9604.66,5404.21
2023-03-07 01:00:00,West,Widget Pro,C1037,60.0,400,24209.58,16418.1,7791.48
2023-03-07 02:00:00,East,Widget,C1016,43.0,100,4107.9,2749.59,1358.31
2023-03-07 03:00:00,West,Enterprise Suite,C1010,132.0,1500,205639.52,119555.86,86083.66
2023-03-07 04:00:00,East,Widget Pro,C1049,163.0,400,65949.06,37928.3,28020.76
2023-03-07 05:00:00,East,Gadget,C1059,140.0,250,35032.05,21887.61,13144.44
2023-03-07 06:00:00,North,Widget Pro,C1063,290.0,400,116295.52,72393.33,43902.19
2023-03-07 07:00:00,South,Gadget,C1004,208.0,250,52718.15,35247.02,17471.13
2023-03-07 08:00:00,North,Gadget Mini,C1027,134.0,180,24004.42,14046.37,9958.05
2023-03-07 09:00:00,North,Gadget Mini,C1047,152.0,180,27555.27,19022.09,8533.18
2023-03-07 10:00:00,North,Widget,C1066,197.0,100,20195.7,12001.44,8194.26
2023-03-07 11:00:00,South,Gadget,C1054,53.0,250,13203.96,8492.38,4711.58
2023-03-07 12:00:00,South,Gadget,C1034,123.0,250,30342.6,18952.94,11389.66
2023-03-07 13:00:00,South,Widget,C1045,77.0,100,7495.02,4847.8,2647.22
2023-03-07 14:00:00,West,Widget,C1010,106.0,100,10601.87,6700.36,3901.51
2023-03-07 15:00:00,East,Gadget Mini,C1004,128.0,180,22114.73,12399.78,9714.95
2023-03-07 16:00:00,South,Widget,C1035,143.0,100,14550.4,8548.41,6001.99
2023-03-07 17:00:00,North,Gadget,C1069,361.0,250,86981.73,58995.35,27986.38
2023-03-07 18:00:00,West,Widget,C1051,106.0,100,10387.44,6994.35,3393.1
2023-03-07 19:00:00,West,Widget Pro,C1065,92.0,400,37748.73,20829.13,16919.6
2023-03-07 20:00:00,West,Enterprise Suite,C1026,99.0,1500,153927.17,89914.52,64012.65
2023-03-07 21:00:00,South,Gadget,C1059,177.0,250,45515.44,30206.01,15309.43
2023-03-07 22:00:00,North,Widget,C1053,,100,10035.43,6164.95,3870.47
2023-03-07 23:00:00,North,Gadget,C1073,146.0,250,36713.33,22255.81,14457.53
2023-03-08 00:00:00,West,Widget,C1045,76.0,100,7780.73,4862.72,2918.01
2023-03-08 01:00:00,North,Gadget,C1068,219.0,250,55767.05,34046.08,21720.97
2023-03-08 02:00:00,North,Gadget,C1017,229.0,250,57636.88,31978.75,25658.13
2023-03-08 03:00:00,North,Enterprise Suite,C1077,238.0,1500,350939.94,226172.33,124767.61
2023-03-08 04:00:00,West,Gadget,C1050,104.0,250,25716.3,15614.88,10101.42
2023-03-08 05:00:00,North,Widget,C1057,301.0,100,30024.08,17994.22,12029.86
2023-03-08 06:00:00,East,Widget,C1022,113.0,100,10928.71,7117.13,3811.57
2023-03-08 07:00:00,North,Gadget,C1008,97.0,250,24222.39,14000.63,10221.76
2023-03-08 08:00:00,West,Widget,C1067,105.0,100,10191.19,6050.16,4141.03
2023-03-08 09:00:00,North,Widget,C1052,231.0,100,23142.81,13325.02,9817.78
2023-03-08 10:00:00,South,Enterprise Suite,C1008,16.0,1500,23109.93,14160.89,8949.04
2023-03-08 11:00:00,South,Gadget Mini,C1039,63.0,180,11007.15,7491.11,3516.04
2023-03-08 12:00:00,South,Widget Pro,C1039,136.0,400,54262.8,34758.39,19504.42
2023-03-08 13:00:00,South,Gadget,C1000,214.0,250,54488.87,32220.15,22268.72
2023-03-08 14:00:00,West,Gadget,C1031,95.0,250,24520.88,15711.2,8809.68
2023-03-08 15:00:00,South,Gadget Mini,C1073,158.0,180,29518.56,18272.89,11245.66
2023-03-08 16:00:00,North,Widget,C1044,276.0,100,28003.79,19261.97,8741.82
2023-03-08 17:00:00,East,Widget Pro,C1022,186.0,400,72893.02,46793.97,26099.04
2023-03-08 18:00:00,South,Widget,C1049,182.0,100,18414.28,11321.31,7092.97
2023-03-08 19:00:00,West,Widget,C1005,92.0,100,9263.13,5641.55,3621.58
2023-03-08 20:00:00,North,Gadget Mini,C1037,193.0,180,33954.1,21873.65,12080.44
2023-03-08 21:00:00,East,Widget,C1063,64.0,100,6544.98,4485.51,2059.48
2023-03-08 22:00:00,South,Widget Pro,C1013,116.0,400,44642.51,27022.55,17619.96
2023-03-08 23:00:00,South,Widget Pro,C1026,168.0,400,66595.85,38274.36,28321.49
2023-03-09 00:00:00,South,Gadget,C1059,124.0,250,29676.91,19413.83,10263.08
2023-03-09 01:00:00,South,Widget Pro,C1001,121.0,400,50121.94,30549.38,19572.56
2023-03-09 02:00:00,North,Widget Pro,C1059,203.0,400,78248.22,50903.94,27344.28
2023-03-09 03:00:00,South,Widget,C1056,125.0,100,12560.54,7364.8,5195.74
2023-03-09 04:00:00,North,Widget Pro,C1002,335.0,400,138576.94,79763.27,58813.66
2023-03-09 05:00:00,East,Widget,C1021,146.0,100,14051.26,9290.93,4760.33
2023-03-09 06:00:00,North,Widget Pro,C1045,276.0,400,112358.31,64384.06,47974.25
2023-03-09 07:00:00,North,Widget Pro,C1056,434.0,400,180417.06,113634.75,66782.31
2023-03-09 08:00:00,East,Widget Pro,C1013,118.0,400,48670.34,31448.43,17221.91
2023-03-09 09:00:00,South,Widget,C1048,101.0,100,9647.94,5313.12,4334.82
2023-03-09 10:00:00,East,Gadget Mini,C1011,64.0,180,11375.59,6663.61,4711.99
2023-03-09 11:00:00,North,Widget,C1008,206.0,100,19599.99,13192.34,6407.65
2023-03-09 12:00:00,North,Gadget Mini,C1021,159.0,180,29469.8,19879.37,9590.43
2023-03-09 13:00:00,East,Widget,C1041,51.0,100,5106.38,3433.24,1673.14
2023-03-09 14:00:00,South,Widget,C1054,196.0,100,19025.95,12010.24,7015.72
2023-03-09 15:00:00,North,Widget,C1051,221.0,100,21783.03,12547.97,9235.06
2023-03-09 16:00:00,East,Widget,C1035,194.0,100,18842.77,10985.61,7857.16
2023-03-09 17:00:00,East,Widget,C1038,178.0,100,17029.85,9924.73,7105.12
2023-03-09 18:00:00,East,Gadget,C1072,131.0,250,34356.3,22567.96,11788.35
2023-03-09 19:00:00,North,Enterprise Suite,C1049,328.0,1500,496913.46,346454.22,150459.24
2023-03-09 20:00:00,East,Enterprise Suite,C1040,111.0,1500,169725.45,101802.51,67922.94
2023-03-09 21:00:00,West,Gadget,C1074,98.0,250,23440.41,12954.28,10486.13
2023-03-09 22:00:00,South,Gadget,C1001,130.0,250,33285.9,20820.76,12465.13
2023-03-09 23:00:00,North,Gadget,C1054,96.0,250,24952.27,14879.72,10072.55
2023-03-10 00:00:00,East,Gadget,C1037,58.0,250,13861.89,8402.78,5459.11
2023-03-10 01:00:00,North,Widget,C1076,238.0,100,24138.05,14137.89,10000.16
2023-03-10 02:00:00,West,Gadget,C1040,87.0,250,22570.7,12868.46,9702.24
2023-03-10 03:00:00,East,Widget Pro,C1036,118.0,400,47298.52,32949.81,14348.71
2023-03-10 04:00:00,East,Widget,C1026,117.0,100,11972.46,7200.35,4772.11
2023-03-10 05:00:00,South,Gadget Mini,C1028,232.0,180,42449.07,24928.24,17520.82
2023-03-10 06:00:00,East,Widget,C1000,200.0,100,19643.27,12107.21,7536.06
2023-03-10 07:00:00,North,Gadget,C1018,199.0,250,52006.96,29010.32,22996.65
2023-03-10 08:00:00,West,Widget,C1026,95.0,100,9189.99,5811.08,3378.91
2023-03-10 09:00:00,North,Widget,C1025,259.0,100,26482.72,15802.76,10679.97
2023-03-10 10:00:00,North,Widget,C1057,148.0,100,14428.47,8553.24,5875.23
2023-03-10 11:00:00,West,Widget,C1046,72.0,100,7460.95,4642.02,2818.93
2023-03-10 12:00:00,South,Widget,C1055,69.0,100,6859.55,4292.66,2566.89
2023-03-10 13:00:00,East,Widget Pro,C1048,102.0,400,41997.72,23223.55,18774.17
2023-03-10 14:00:00,South,Widget,C1068,152.0,100,15817.81,9412.15,6405.67
2023-03-10 15:00:00,North,Widget Pro,C1058,312.0,400,121771.0,75442.94,46328.06
2023-03-10 16:00:00,North,Gadget,C1060,351.0,250,87581.91,52547.84,35034.07
2023-03-10 17:00:00,North,Gadget Mini,,439.0,180,75102.03,51012.93,24089.11
2023-03-10 18:00:00,South,Gadget Mini,C1047,231.0,180,43410.7,30195.35,13215.35
2023-03-10 19:00:00,South,Widget,C1004,201.0,100,21079.92,11819.2,9260.72
2023-03-10 20:00:00,West,Widget,C1055,99.0,100,10327.81,5931.82,4395.99
2023-03-10 21:00:00,West,Widget Pro,C1062,69.0,400,28294.35,17041.32,11253.04
2023-03-10 22:00:00,East,Widget,C1054,85.0,100,8124.05,4937.8,3186.25
2023-03-10 23:00:00,East,Widget,C1003,63.0,100,6006.74,4036.34,1970.4
2023-03-11 00:00:00,East,Gadget,C1018,81.0,250,19766.69,12222.15,7544.54
2023-03-11 01:00:00,North,Gadget,C1001,253.0,250,66107.5,44703.7,21403.8
2023-03-11 02:00:00,North,Widget,C1075,164.0,100,16747.04,10176.37,6570.66
2023-03-11 03:00:00,West,Widget,C1021,138.0,100,14365.73,9788.82,4576.91
2023-03-11 04:00:00,West,Widget,C1048,155.0,100,15193.44,10561.76,4631.68
2023-03-11 05:00:00,South,Widget Pro,C1011,211.0,400,86530.78,59589.26,26941.52
2023-03-11 06:00:00,North,Gadget,C1034,169.0,250,43507.08,29242.6,14264.48
2023-03-11 07:00:00,East,Gadget Mini,C1021,112.0,180,19954.31,11897.06,8057.25
2023-03-11 08:00:00,West,Widget,C1067,125.0,100,11962.3,7828.7,4133.6
2023-03-11 09:00:00,South,Widget,C1023,131.0,100,13009.54,7499.48,5510.06
2023-03-11 10:00:00,East,Widget,C1057,49.0,100,4744.17,3284.26,1459.91
2023-03-11 11:00:00,South,Widget,C1024,83.0,100,8051.78,5334.2,2717.58
2023-03-11 12:00:00,North,Gadget Mini,C1079,199.0,180,35493.29,22858.59,12634.7
2023-03-11 13:00:00,North,Gadget,C1015,211.0,250,50533.5,28443.08,22090.41
2023-03-11 14:00:00,North,Widget,C1012,206.0,100,20776.43,12916.39,7860.04
2023-03-11 15:00:00,North,Widget,C1005,238.0,100,24883.41,16169.2,8714.21
2023-03-11 16:00:00,North,Gadget,C1034,265.0,250,62985.61,40338.99,22646.62
2023-03-11 17:00:00,West,Gadget,C1047,106.0,250,26068.13,16016.73,10051.4
2023-03-11 18:00:00,East,Widget,C1046,187.0,100,18354.47,10754.61,7599.86
2023-03-11 19:00:00,East,Widget,C1042,120.0,100,11468.69,6920.26,4548.43
2023-03-11 20:00:00,West,Widget,C1017,123.0,100,12755.77,7784.48,4971.29
2023-03-11 21:00:00,North,Widget,C1031,265.0,100,26581.17,18411.69,8169.47
2023-03-11 22:00:00,South,Gadget,C1052,151.0,250,38349.76,23825.93,14523.82
2023-03-11 23:00:00,East,Widget,C1041,59.0,100,5981.46,4134.93,1846.53
2023-03-12 00:00:00,North,Widget,C1041,175.0,100,16705.07,11211.33,5493.74
2023-03-12 01:00:00,East,Widget,C1010,90.0,100,8986.08,5938.73,3047.35
2023-03-12 02:00:00,North,Gadget Mini,C1012,170.0,180,31950.92,19854.89,12096.03
2023-03-12 03:00:00,East,Widget,C1066,138.0,100,13379.21,7645.87,5733.33
2023-03-12 04:00:00,West,Widget Pro,C1063,95.0,400,38823.33,21537.7,17285.63
2023-03-12 05:00:00,East,Widget,C1059,181.0,100,18413.24,11642.91,6770.33
2023-03-12 06:00:00,North,Gadget,C1030,261.0,250,62742.3,40744.62,21997.68
2023-03-12 07:00:00,North,Widget,C1013,269.0,100,28094.92,18401.79,9693.13
2023-03-12 08:00:00,South,Widget Pro,C1049,171.0,400,66076.01,45549.17,20526.84
2023-03-12 09:00:00,East,Widget,C1015,83.0,100,8098.83,5032.98,3065.85
2023-03-12 10:00:00,East,Gadget Mini,C1042,92.0,180,16781.16,10467.98,6313.17
2023-03-12 11:00:00,West,Gadget Mini,C1043,50.0,180,9239.7,5914.35,3325.35
2023-03-12 12:00:00,South,Widget Pro,C1071,146.0,400,59778.25,36300.2,23478.05
2023-03-12 13:00:00,West,Gadget,C1037,46.0,250,11193.37,6591.38,4602.0
2023-03-12 14:00:00,North,Widget,C1014,226.0,100,23143.71,15982.62,7161.09
2023-03-12 15:00:00,South,Widget,C1000,,100,26005.44,15786.06,10219.38
2023-03-12 16:00:00,North,Gadget,C1054,231.0,250,55958.93,34035.44,21923.49
2023-03-12 17:00:00,North,Widget,C1066,259.0,100,26364.39,17650.56,8713.83
2023-03-12 18:00:00,East,Gadget,C1058,157.0,250,37705.85,20790.19,16915.66
2023-03-12 19:00:00,North,Widget Pro,C1058,268.0,400,105021.95,61210.53,43811.41
2023-03-12 20:00:00,North,Widget,C1004,239.0,100,24490.47,16589.09,7901.38
2023-03-12 21:00:00,South,Widget,C1073,151.0,100,15840.41,9005.58,6834.82
2023-03-12 22:00:00,South,Widget Pro,C1048,136.0,400,54372.94,35648.04,18724.89
2023-03-12 23:00:00,North,Widget Pro,C1028,204.0,400,78766.05,51789.86,26976.19
2023-03-13 00:00:00,East,Widget,C1062,87.0,100,9017.93,5202.02,3815.91
2023-03-13 01:00:00,East,Widget,C1020,84.0,100,8664.61,5951.34,2713.27
2023-03-13 02:00:00,West,Gadget,C1044,110.0,250,27052.88,17629.95,9422.93
2023-03-13 03:00:00,East,Widget,C1024,181.0,100,18150.4,10753.31,7397.09
2023-03-13 04:00:00,East,Gadget,C1074,139.0,250,33350.69,19960.81,13389.87
2023-03-13 05:00:00,West,Widget,C1020,105.0,100,10956.3,6525.7,4430.61
2023-03-13 06:00:00,South,Gadget,C1026,252.0,250,62889.38,43052.98,19836.4
2023-03-13 07:00:00,North,Widget Pro,C1073,251.0,400,102762.6,56660.2,46102.4
2023-03-13 08:00:00,North,Widget Pro,C1054,100.0,400,41433.72,25128.86,16304.86
2023-03-13 09:00:00,East,Widget,C1060,114.0,100,10894.22,6572.89,4321.33
2023-03-13 10:00:00,North,Widget,C1075,123.0,100,12890.74,8346.94,4543.8
2023-03-13 11:00:00,South,Widget,C1015,100.0,100,10222.55,5998.08,4224.47
2023-03-13 12:00:00,North,Gadget,C1048,171.0,250,43553.63,30190.65,13362.98
2023-03-13 13:00:00,East,Enterprise Suite,C1059,95.0,1500,144932.99,81661.28,63271.7
2023-03-13 14:00:00,West,Gadget,C1047,111.0,250,27126.22,17577.23,9548.99
2023-03-13 15:00:00,North,Widget,C1065,234.0,100,22515.6,14549.84,7965.76
2023-03-13 16:00:00,North,Gadget,C1012,314.0,250,82325.69,51200.39,31125.31
2023-03-13 17:00:00,East,Widget,C1055,141.0,100,14077.71,9103.91,4973.8
2023-03-13 18:00:00,North,Widget,C1068,327.0,100,32128.5,21110.52,11017.98
2023-03-13 19:00:00,North,Widget Pro,C1068,292.0,400,111190.64,70429.15,40761.48
2023-03-13 20:00:00,East,Gadget,C1068,84.0,250,20084.26,13568.35,6515.9
2023-03-13 21:00:00,East,Widget Pro,C1015,120.0,400,46195.63,30625.31,15570.32
2023-03-13 22:00:00,North,Gadget,C1040,123.0,250,29765.81,18847.96,10917.85
2023-03-13 23:00:00,North,Widget,C1071,187.0,100,18150.65,10421.77,7728.88
2023-03-14 00:00:00,North,Widget Pro,C1038,173.0,400,66325.5,37719.82,28605.69
2023-03-14 01:00:00,South,Gadget,C1000,205.0,250,50855.64,35181.13,15674.51
2023-03-14 02:00:00,North,Widget,C1037,207.0,100,21622.79,14826.6,6796.2
2023-03-14 03:00:00,East,Gadget,C1066,119.0,250,29979.29,19614.41,10364.88
2023-03-14 04:00:00,West,Enterprise Suite,C1012,123.0,1500,186458.88,116833.0,69625.88
2023-03-14 05:00:00,East,Widget,C1027,140.0,100,13351.43,7627.0,5724.42
2023-03-14 06:00:00,West,Gadget,C1016,142.0,250,34491.94,20828.3,13663.65
2023-03-14 07:00:00,East,Gadget,C1020,84.0,250,21104.68,12432.79,8671.89
2023-03-14 08:00:00,South,Widget,C1018,117.0,100,11412.39,7004.94,4407.45
2023-03-14 09:00:00,South,Widget,C1024,89.0,100,9107.08,6368.62,2738.46
2023-03-14 10:00:00,East,Gadget,C1020,102.0,250,25876.82,16217.37,9659.45
2023-03-14 11:00:00,South,Widget,C1003,172.0,100,18047.01,11099.71,6947.3
2023-03-14 12:00:00,West,Widget,C1070,63.0,100,6155.18,3876.04,2279.14
2023-03-14 13:00:00,South,Widget,C1034,125.0,100,11986.22,8227.18,3759.04
2023-03-14 14:00:00,North,Widget Pro,C1028,223.0,400,87180.93,49230.38,37950.55
2023-03-14 15:00:00,South,Widget,C1039,234.0,100,24395.99,14060.86,10335.12
2023-03-14 16:00:00,South,Widget Pro,C1073,171.0,400,65633.5,39533.35,26100.14
2023-03-14 17:00:00,West,Gadget,C1021,133.0,250,33607.33,23003.73,10603.6
2023-03-14 18:00:00,North,Widget Pro,,340.0,400,131657.15,88330.46,43326.69
2023-03-14 19:00:00,South,Gadget Mini,C1033,208.0,180,37075.53,23685.57,13389.96
2023-03-14 20:00:00,North,Gadget,C1048,230.0,250,55519.07,31587.87,23931.21
2023-03-14 21:00:00,South,Widget,C1047,172.0,100,17919.72,11573.97,6345.75
2023-03-14 22:00:00,East,Widget,C1023,2.0,100,2426.09,132.63,2293.46
2023-03-14 23:00:00,South,Widget,C1054,131.0,100,13058.95,7744.26,5314.69
2023-03-15 00:00:00,South,Widget Pro,C1011,85.0,400,35440.96,20708.67,14732.29
2023-03-15 01:00:00,West,Gadget,C1010,34.0,250,8340.83,4700.23,3640.59
2023-03-15 02:00:00,North,Widget,C1010,248.0,100,23792.21,15138.92,8653.29
2023-03-15 03:00:00,East,Gadget,C1054,167.0,250,41720.15,28417.8,13302.35
2023-03-15 04:00:00,East,Gadget Mini,C1068,139.0,180,24110.34,15061.03,9049.32
2023-03-15 05:00:00,East,Gadget,C1000,174.0,250,44005.85,30215.86,13789.98
2023-03-15 06:00:00,East,Widget Pro,C1067,187.0,400,76667.52,44975.77,31691.75
2023-03-15 07:00:00,East,Widget,C1067,165.0,100,16415.28,9443.38,6971.9
2023-03-15 08:00:00,West,Widget,C1045,133.0,100,13123.18,7480.18,5643.0
2023-03-15 09:00:00,West,Gadget,C1014,96.0,250,23709.83,14367.98,9341.85
2023-03-15 10:00:00,North,Gadget,C1015,157.0,250,40552.03,27478.72,13073.3
2023-03-15 11:00:00,North,Gadget,C1072,54.0,250,13182.41,7254.75,5927.67
2023-03-15 12:00:00,South,Gadget Mini,C1065,101.0,180,18960.12,13155.86,5804.26
2023-03-15 13:00:00,West,Widget,C1062,58.0,100,5778.57,3713.67,2064.9
2023-03-15 14:00:00,North,Widget,C1013,339.0,100,33765.6,20082.18,13683.42
2023-03-15 15:00:00,North,Gadget Mini,C1012,248.0,180,43239.01,26080.9,17158.11
2023-03-15 16:00:00,South,Widget,C1052,213.0,100,21361.98,14628.18,6733.8
2023-03-15 17:00:00,North,Gadget,C1028,327.0,250,78934.78,51188.81,27745.97
2023-03-15 18:00:00,South,Widget,C1068,210.0,100,20715.44,14165.82,6549.62
2023-03-15 19:00:00,West,Widget,C1020,151.0,100,15007.24,10143.45,4863.79
2023-03-15 20:00:00,North,Widget Pro,C1025,185.0,400,70343.0,48011.66,22331.34
2023-03-15 21:00:00,North,Widget,C1042,192.0,100,18496.67,11341.39,7155.28
2023-03-15 22:00:00,West,Widget,C1034,48.0,100,4655.52,2895.24,1760.28
2023-03-15 23:00:00,North,Gadget,C1016,70.0,250,17492.24,11409.5,6082.74
2023-03-16 00:00:00,North,Widget Pro,C1049,119.0,400,49417.21,30899.53,18517.68
2023-03-16 01:00:00,North,Enterprise Suite,C1044,179.0,1500,276359.34,157225.95,119133.39
2023-03-16 02:00:00,South,Widget Pro,C1043,142.0,400,55303.35,36043.77,19259.58
2023-03-16 03:00:00,South,Gadget,C1036,160.0,250,38032.12,23657.08,14375.04
2023-03-16 04:00:00,South,Widget Pro,C1065,152.0,400,59266.3,33952.15,25314.16
2023-03-16 05:00:00,North,Widget,C1031,292.0,100,28075.86,16551.55,11524.31
2023-03-16 06:00:00,East,Gadget,C1013,101.0,250,25184.08,16808.04,8376.03
2023-03-16 07:00:00,East,Gadget,C1075,150.0,250,36304.46,25372.56,10931.9
2023-03-16 08:00:00,East,Widget,C1035,112.0,100,10774.92,6574.77,4200.14
2023-03-16 09:00:00,West,Gadget Mini,C1011,43.0,180,7682.96,4936.07,2746.89
2023-03-16 10:00:00,West,Widget,C1029,58.0,100,5814.48,3808.63,2005.86
2023-03-16 11:00:00,North,Gadget,C1006,101.0,250,24142.41,14824.91,9317.5
2023-03-16 12:00:00,North,Widget,C1053,170.0,100,16626.95,10020.29,6606.66
2023-03-16 13:00:00,North,Gadget Mini,C1041,255.0,180,44439.24,24445.15,19994.09
2023-03-16 14:00:00,North,Gadget,C1023,116.0,250,30184.6,17057.75,13126.85
2023-03-16 15:00:00,North,Gadget,C1001,264.0,250,64906.26,36784.28,28121.98
2023-03-16 16:00:00,East,Widget Pro,C1046,138.0,400,53159.3,32112.75,21046.55
2023-03-16 17:00:00,East,Gadget,C1035,166.0,250,41934.56,24562.66,17371.9
2023-03-16 18:00:00,North,Widget,C1077,298.0,100,30953.84,17630.46,13323.37
2023-03-16 19:00:00,North,Gadget,C1024,217.0,250,56486.06,36611.62,19874.44
2023-03-16 20:00:00,North,Gadget,C1079,202.0,250,48473.12,33508.14,14964.98
2023-03-16 21:00:00,North,Widget Pro,C1019,137.0,400,57483.25,33357.52,24125.73
2023-03-16 22:00:00,North,Widget,C1071,212.0,100,21307.05,12525.96,8781.09
2023-03-16 23:00:00,West,Gadget Mini,C1055,62.0,180,11102.51,7301.0,3801.51
2023-03-17 00:00:00,North,Gadget,C1002,257.0,250,67021.31,41927.22,25094.09
2023-03-17 01:00:00,North,Widget,C1072,178.0,100,18632.13,11057.21,7574.92
2023-03-17 02:00:00,North,Enterprise Suite,C1063,181.0,1500,263088.68,176842.96,86245.73
2023-03-17 03:00:00,East,Gadget Mini,C1065,87.0,180,16398.43,9426.27,6972.16
2023-03-17 04:00:00,South,Widget Pro,C1023,136.0,400,53860.62,31816.77,22043.85
2023-03-17 05:00:00,North,Gadget,C1065,209.0,250,52731.29,29072.3,23658.99
2023-03-17 06:00:00,South,Widget Pro,C1028,219.0,400,87819.64,52297.61,35522.03
2023-03-17 07:00:00,North,Widget,C1068,286.0,100,27510.64,16054.92,11455.72
2023-03-17 08:00:00,North,Widget,C1017,,100,12832.03,8758.38,4073.65
2023-03-17 09:00:00,North,Widget Pro,C1026,230.0,400,93310.2,54805.86,38504.34
2023-03-17 10:00:00,South,Widget,C1047,92.0,100,9059.66,5805.2,3254.47
2023-03-17 11:00:00,North,Gadget Mini,C1017,151.0,180,28223.68,16640.84,11582.83
2023-03-17 12:00:00,South,Gadget,C1001,175.0,250,42982.78,24009.73,18973.05
2023-03-17 13:00:00,West,Widget,C1002,99.0,100,10360.58,5972.98,4387.6
2023-03-17 14:00:00,South,Enterprise Suite,C1013,149.0,1500,229717.46,153239.23,76478.23
2023-03-17 15:00:00,East,Gadget,C1077,104.0,250,27158.71,15985.66,11173.04
2023-03-17 16:00:00,South,Widget Pro,C1074,122.0,400,47436.72,28002.8,19433.92
2023-03-17 17:00:00,East,Gadget Mini,C1055,128.0,180,22799.15,14064.99,8734.16
2023-03-17 18:00:00,South,Gadget Mini,C1023,200.0,180,34537.29,19935.86,14601.43
2023-03-17 19:00:00,West,Widget,C1023,88.0,100,8861.3,6127.62,2733.68
2023-03-17 20:00:00,East,Widget,C1050,106.0,100,10242.69,5906.55,4336.14
2023-03-17 21:00:00,East,Widget,C1058,92.0,100,8872.04,5447.07,3424.97
2023-03-17 22:00:00,West,Enterprise Suite,C1001,60.0,1500,86402.1,54348.37,32053.73
2023-03-17 23:00:00,East,Widget,C1005,53.0,100,5045.98,3400.91,1645.07
2023-03-18 00:00:00,North,Widget Pro,C1076,162.0,400,63294.41,43723.13,19571.28
2023-03-18 01:00:00,North,Enterprise Suite,C1043,205.0,1500,321571.74,181993.8,139577.94
2023-03-18 02:00:00,West,Widget,C1056,69.0,100,6651.07,4415.98,2235.09
2023-03-18 03:00:00,West,Widget,C1069,145.0,100,14469.42,8487.35,5982.07
2023-03-18 04:00:00,East,Gadget,C1013,140.0,250,33680.76,22692.04,10988.73
2023-03-18 05:00:00,South,Widget,C1000,216.0,100,22434.75,13736.63,8698.12
2023-03-18 06:00:00,West,Widget,C1036,140.0,100,13897.99,7951.13,5946.86
2023-03-18 07:00:00,North,Gadget Mini,C1014,271.0,180,48217.78,32915.08,15302.7
2023-03-18 08:00:00,South,Enterprise Suite,C1036,198.0,1500,288818.32,200286.83,88531.49
2023-03-18 09:00:00,South,Gadget,C1010,143.0,250,34385.6,23674.42,10711.19
2023-03-18 10:00:00,West,Gadget,C1076,51.0,250,12339.54,7768.63,4570.91
2023-03-18 11:00:00,North,Gadget,C1079,162.0,250,42092.13,27489.28,14602.85
2023-03-18 12:00:00,West,Widget,C1047,39.0,100,3745.53,2574.81,1170.72
2023-03-18 13:00:00,West,Widget Pro,C1000,80.0,400,32676.18,18346.22,14329.96
2023-03-18 14:00:00,West,Enterprise Suite,C1018,94.0,1500,144916.75,82890.7,62026.06
2023-03-18 15:00:00,South,Widget Pro,C1008,179.0,400,73644.51,45789.56,27854.95
2023-03-18 16:00:00,North,Gadget,C1041,279.0,250,71331.29,40780.11,30551.18
2023-03-18 17:00:00,West,Widget,C1054,83.0,100,8204.56,4905.49,3299.08
2023-03-18 18:00:00,South,Enterprise Suite,C1017,186.0,1500,281838.63,181924.2,99914.44
2023-03-18 19:00:00,West,Gadget,,113.0,250,27532.19,16871.7,10660.49
2023-03-18 20:00:00,South,Gadget,C1010,166.0,250,41650.28,24345.31,17304.98
2023-03-18 21:00:00,South,Gadget,C1028,90.0,250,22675.22,14830.16,7845.06
2023-03-18 22:00:00,East,Widget,C1002,111.0,100,10548.18,7374.08,3174.1
2023-03-18 23:00:00,South,Gadget,C1044,69.0,250,16617.95,9414.46,7203.49
2023-03-19 00:00:00,South,Widget Pro,C1058,150.0,400,61671.88,35208.62,26463.26
2023-03-19 01:00:00,North,Gadget Mini,C1031,204.0,180,38452.52,26414.69,12037.83
2023-03-19 02:00:00,North,Widget,C1018,184.0,100,18854.47,10701.52,8152.95
2023-03-19 03:00:00,South,Widget,C1013,259.0,100,27104.13,16418.4,10685.73
2023-03-19 04:00:00,East,Widget,C1003,110.0,100,11371.18,7738.9,3632.28
2023-03-19 05:00:00,North,Widget,C1053,347.0,100,33815.31,18661.71,15153.6
2023-03-19 06:00:00,North,Widget,C1038,341.0,100,34930.53,23131.56,11798.97
2023-03-19 07:00:00,South,Widget Pro,C1001,161.0,400,64039.19,41415.88,22623.31
2023-03-19 08:00:00,North,Widget,C1022,296.0,100,30728.23,17048.57,13679.66
2023-03-19 09:00:00,South,Widget,C1058,121.0,100,12502.54,8151.48,4351.07
2023-03-19 10:00:00,South,Widget Pro,C1029,123.0,400,51262.22,32053.28,19208.93
2023-03-19 11:00:00,South,Widget,C1016,114.0,100,11939.36,7500.61,4438.75
2023-03-19 12:00:00,East,Gadget,C1071,72.0,250,17200.79,10472.59,6728.2
2023-03-19 13:00:00,East,Widget,C1051,113.0,100,11517.44,7159.39,4358.06
2023-03-19 14:00:00,West,Widget,C1024,113.0,100,11642.77,7532.84,4109.93
2023-03-19 15:00:00,North,Widget,C1042,162.0,100,15977.58,10654.16,5323.42
2023-03-19 16:00:00,North,Widget,C1076,358.0,100,35948.81,20124.07,15824.74
2023-03-19 17:00:00,North,Gadget Mini,C1004,205.0,180,35747.77,20742.96,15004.81
2023-03-19 18:00:00,North,Widget,C1061,343.0,100,34540.52,19229.79,15310.74
2023-03-19 19:00:00,North,Widget,C1045,320.0,100,33419.23,18423.08,14996.15
2023-03-19 20:00:00,East,Enterprise Suite,C1050,79.0,1500,118502.56,70766.28,47736.28
2023-03-19 21:00:00,East,Enterprise Suite,C1052,79.0,1500,120901.48,68261.82,52639.66
2023-03-19 22:00:00,West,Gadget,C1003,39.0,250,9752.12,6497.44,3254.68
2023-03-19 23:00:00,South,Widget,C1037,95.0,100,9582.04,6494.75,3087.29
2023-03-20 00:00:00,North,Gadget,C1029,136.0,250,32567.76,20970.15,11597.61
2023-03-20 01:00:00,West,Widget Pro,C1020,96.0,400,38992.21,25942.44,13049.76
2023-03-20 02:00:00,West,Gadget,C1066,126.0,250,33050.68,21195.76,11854.92
2023-03-20 03:00:00,West,Widget,C1046,144.0,100,14810.91,8899.18,5911.73
2023-03-20 04:00:00,East,Gadget Mini,C1049,127.0,180,21808.47,14326.3,7482.17
2023-03-20 05:00:00,North,Enterprise Suite,C1072,285.0,1500,432068.99,299727.28,132341.72
2023-03-20 06:00:00,East,Gadget,C1039,97.0,250,24988.96,14278.53,10710.43
2023-03-20 07:00:00,South,Enterprise Suite,C1012,155.0,1500,239043.61,134599.52,104444.09
2023-03-20 08:00:00,South,Widget,C1073,198.0,100,19395.3,10865.72,8529.58
2023-03-20 09:00:00,South,Widget,C1033,196.0,100,18971.21,12630.86,6340.35
2023-03-20 10:00:00,West,Enterprise Suite,C1017,36.0,1500,55420.99,34156.33,21264.66
2023-03-20 11:00:00,West,Enterprise Suite,C1036,47.0,1500,70417.23,42568.68,27848.55
2023-03-20 12:00:00,South,Gadget Mini,C1046,110.0,180,20625.94,11743.33,8882.61
2023-03-20 13:00:00,South,Gadget,C1052,143.0,250,35083.78,19735.45,15348.33
2023-03-20 14:00:00,South,Widget,C1079,127.0,100,13176.93,8596.41,4580.52
2023-03-20 15:00:00,West,Widget,C1071,121.0,100,12451.61,8155.33,4296.28
2023-03-20 16:00:00,North,Gadget Mini,C1051,260.0,180,45820.29,26288.52,19531.78
2023-03-20 17:00:00,West,Widget,C1044,127.0,100,13175.18,8568.78,4606.4
2023-03-20 18:00:00,South,Gadget,C1010,230.0,250,59800.73,37060.18,22740.55
2023-03-20 19:00:00,North,Widget,C1055,258.0,100,26985.63,16448.87,10536.76
2023-03-20 20:00:00,North,Widget,C1062,195.0,100,19143.71,13390.37,5753.34
2023-03-20 21:00:00,North,Widget Pro,C1069,175.0,400,67300.29,41604.15,25696.14
2023-03-20 22:00:00,North,Gadget,C1004,148.0,250,37518.8,22437.29,15081.51
2023-03-20 23:00:00,West,Widget Pro,C1055,52.0,400,19889.79,13351.62,6538.17
2023-03-21 00:00:00,West,Widget,C1054,60.0,100,5826.9,3224.85,2602.05
2023-03-21 01:00:00,North,Gadget,C1051,269.0,250,64449.65,36116.87,28332.78
2023-03-21 02:00:00,North,Gadget Mini,C1027,250.0,180,44781.39,27449.13,17332.27
2023-03-21 03:00:00,East,Widget,C1054,121.0,100,12499.96,7048.31,5451.66
2023-03-21 04:00:00,North,Widget Pro,C1053,325.0,400,125638.93,75683.82,49955.12
2023-03-21 05:00:00,South,Gadget,C1055,202.0,250,51933.48,36085.38,15848.1
2023-03-21 06:00:00,South,Gadget,C1076,255.0,250,63043.25,34767.71,28275.55
2023-03-21 07:00:00,North,Widget Pro,C1040,278.0,400,112072.8,64071.19,48001.61
2023-03-21 08:00:00,North,Gadget Mini,C1040,214.0,180,40191.07,25116.08,15074.99
2023-03-21 09:00:00,North,Enterprise Suite,C1000,206.0,1500,306107.35,192267.17,113840.17
2023-03-21 10:00:00,West,Gadget Mini,C1074,28.0,180,5220.06,3367.69,1852.37
2023-03-21 11:00:00,North,Widget,C1069,81.0,100,8488.02,5203.38,3284.64
2023-03-21 12:00:00,East,Gadget,C1024,43.0,250,10444.85,6073.31,4371.54
2023-03-21 13:00:00,West,Gadget,C1002,81.0,250,19266.6,12948.45,6318.16
2023-03-21 14:00:00,North,Widget,C1063,315.0,100,32505.01,18485.98,14019.03
2023-03-21 15:00:00,East,Gadget,C1069,190.0,250,47074.34,28377.9,18696.44
2023-03-21 16:00:00,South,Enterprise Suite,C1058,234.0,1500,345237.51,237852.19,107385.32
2023-03-21 17:00:00,South,Widget,C1048,236.0,100,23823.94,15042.78,8781.16
2023-03-21 18:00:00,North,Gadget,C1079,187.0,250,47592.82,30702.89,16889.93
2023-03-21 19:00:00,West,Gadget Mini,C1013,98.0,180,16933.03,9535.72,7397.31
2023-03-21 20:00:00,North,Widget,C1079,176.0,100,18361.19,10384.2,7977.0
2023-03-21 21:00:00,West,Widget,C1004,63.0,100,6264.79,3991.83,2272.96
2023-03-21 22:00:00,East,Gadget Mini,C1070,72.0,180,12586.58,8389.36,4197.22
2023-03-21 23:00:00,South,Widget,C1059,85.0,100,8474.14,4818.95,3655.18
2023-03-22 00:00:00,South,Widget Pro,C1000,32.0,400,13060.91,8635.52,4425.39
2023-03-22 01:00:00,West,Widget Pro,C1033,,400,38429.03,22678.56,15750.47
2023-03-22 02:00:00,North,Gadget Mini,C1000,160.0,180,29978.89,19516.11,10462.78
2023-03-22 03:00:00,West,Gadget,C1047,117.0,250,27832.93,15948.44,11884.48
2023-03-22 04:00:00,West,Gadget,C1021,173.0,250,44293.39,26470.64,17822.74
2023-03-22 05:00:00,West,Enterprise Suite,C1024,106.0,1500,154895.11,107810.65,47084.47
2023-03-22 06:00:00,East,Widget,C1054,73.0,100,6972.65,4809.67,2162.98
2023-03-22 07:00:00,North,Gadget,C1040,242.0,250,63388.0,36515.14,26872.86
2023-03-22 08:00:00,South,Gadget,C1064,204.0,250,48957.85,32810.36,16147.48
2023-03-22 09:00:00,North,Gadget,C1033,289.0,250,71469.79,47479.22,23990.57
2023-03-22 10:00:00,West,Widget,C1003,37.0,100,3634.29,2049.7,1584.59
2023-03-22 11:00:00,South,Gadget,C1069,123.0,250,31036.86,17199.78,13837.08
2023-03-22 12:00:00,West,Widget,C1016,55.0,100,5435.32,3594.66,1840.67
2023-03-22 13:00:00,West,Gadget,C1028,75.0,250,19270.48,11138.02,8132.47
2023-03-22 14:00:00,North,Gadget,C1048,365.0,250,88925.45,59313.66,29611.79
2023-03-22 15:00:00,East,Gadget,C1002,87.0,250,21260.55,14675.02,6585.53
2023-03-22 16:00:00,East,Gadget,C1076,150.0,250,36012.82,22287.22,13725.6
2023-03-22 17:00:00,North,Widget,C1009,322.0,100,31433.62,18140.16,13293.46
2023-03-22 18:00:00,South,Widget,C1062,251.0,100,25949.17,15793.19,10155.99
2023-03-22 19:00:00,East,Gadget,C1026,131.0,250,32705.84,21057.74,11648.11
2023-03-22 20:00:00,East,Widget,,118.0,100,11580.03,7946.74,3633.29
2023-03-22 21:00:00,North,Widget,C1077,159.0,100,15389.1,9773.52,5615.57
2023-03-22 22:00:00,West,Widget,C1078,72.0,100,7086.82,4266.39,2820.43
2023-03-22 23:00:00,South,Widget,C1015,90.0,100,9019.57,5305.09,3714.48
2023-03-23 00:00:00,North,Widget,C1019,187.0,100,17808.08,11161.42,6646.66
2023-03-23 01:00:00,North,Widget,C1017,161.0,100,16741.7,9282.01,7459.69
2023-03-23 02:00:00,North,Widget Pro,C1061,240.0,400,100222.54,59145.19,41077.35
2023-03-23 03:00:00,North,Widget,C1059,256.0,100,26132.69,16928.46,9204.23
2023-03-23 04:00:00,East,Gadget,C1024,174.0,250,43555.06,26568.21,16986.85
2023-03-23 05:00:00,North,Widget,C1050,294.0,100,30417.35,20002.73,10414.61
2023-03-23 06:00:00,North,Widget Pro,C1026,189.0,400,76262.1,43839.11,32422.99
2023-03-23 07:00:00,West,Gadget,C1034,141.0,250,36599.57,22456.06,14143.52
2023-03-23 08:00:00,West,Gadget,C1072,73.0,250,18445.81,11333.05,7112.76
2023-03-23 09:00:00,South,Gadget Mini,C1004,105.0,180,19503.56,12041.7,7461.86
2023-03-23 10:00:00,West,Widget,C1067,52.0,100,5153.1,3300.98,1852.12
2023-03-23 11:00:00,South,Widget,C1023,158.0,100,15294.25,9152.11,6142.14
2023-03-23 12:00:00,South,Widget,C1040,26.0,100,2640.81,1599.79,1041.02
2023-03-23 13:00:00,North,Widget,C1059,354.0,100,33668.59,20178.61,13489.98
2023-03-23 14:00:00,South,Widget,C1036,202.0,100,19659.95,11008.3,8651.65
2023-03-23 15:00:00,East,Gadget,C1077,135.0,250,32409.86,19177.15,13232.71
2023-03-23 16:00:00,West,Widget Pro,C1053,122.0,400,49636.16,31573.18,18062.98
2023-03-23 17:00:00,East,Gadget,C1006,156.0,250,40222.24,23317.74,16904.5
2023-03-23 18:00:00,West,Gadget,C1015,136.0,250,35666.88,21870.42,13796.46
2023-03-23 19:00:00,South,Gadget,C1002,213.0,250,53735.49,31460.15,22275.33
2023-03-23 20:00:00,North,Gadget,C1059,250.0,250,64725.64,45191.01,19534.64
2023-03-23 21:00:00,North,Widget Pro,C1067,186.0,400,73676.91,50422.59,23254.32
2023-03-23 22:00:00,North,Gadget,C1053,142.0,250,33971.56,19169.06,14802.5
2023-03-23 23:00:00,East,Widget,C1071,67.0,100,6869.97,4191.04,2678.93
2023-03-24 00:00:00,East,Gadget,C1058,71.0,250,16946.05,10078.95,6867.11
2023-03-24 01:00:00,South,Gadget,C1079,177.0,250,46066.34,31162.1,14904.24
2023-03-24 02:00:00,North,Widget,C1041,252.0,100,26020.15,14852.57,11167.58
2023-03-24 03:00:00,West,Widget Pro,C1047,41.0,400,15951.2,8983.76,6967.44
2023-03-24 04:00:00,West,Gadget,C1006,139.0,250,33029.67,21576.18,11453.49
2023-03-24 05:00:00,North,Widget Pro,C1009,307.0,400,118020.67,81678.77,36341.9
2023-03-24 06:00:00,North,Gadget,C1021,285.0,250,73327.85,44505.13,28822.72
2023-03-24 07:00:00,West,Gadget,C1018,102.0,250,24530.75,14666.93,9863.82
2023-03-24 08:00:00,East,Gadget Mini,C1057,140.0,180,26373.91,16140.68,10233.23
2023-03-24 09:00:00,East,Gadget,C1062,116.0,250,28247.52,17561.17,10686.35
2023-03-24 10:00:00,West,Widget,C1033,47.0,100,4808.51,2807.56,2000.94
2023-03-24 11:00:00,East,Widget Pro,C1031,82.0,400,32317.87,21825.27,10492.6
2023-03-24 12:00:00,East,Widget Pro,C1063,49.0,400,19023.55,10685.57,8337.97
2023-03-24 13:00:00,North,Widget,C1024,105.0,100,10201.94,6863.63,3338.31
2023-03-24 14:00:00,South,Widget,C1065,134.0,100,13820.75,9180.3,4640.45
2023-03-24 15:00:00,West,Widget Pro,C1019,132.0,400,51806.44,32021.73,19784.71
2023-03-24 16:00:00,West,Widget,C1049,146.0,100,14059.89,9666.24,4393.65
2023-03-24 17:00:00,West,Gadget Mini,C1024,140.0,180,25233.93,16831.11,8402.82
2023-03-24 18:00:00,North,Gadget,C1073,326.0,250,83018.07,57508.62,25509.44
2023-03-24 19:00:00,East,Widget,C1030,143.0,100,14837.96,9819.08,5018.88
2023-03-24 20:00:00,North,Gadget,C1067,184.0,250,44927.08,27919.31,17007.77
2023-03-24 21:00:00,South,Widget,C1055,149.0,100,15536.12,8740.78,6795.34
2023-03-24 22:00:00,North,Widget,C1056,197.0,100,19563.77,11739.45,7824.32
2023-03-24 23:00:00,North,Widget,C1054,184.0,100,18673.46,12320.76,6352.71
2023-03-25 00:00:00,North,Widget,C1077,218.0,100,21095.09,12475.4,8619.69
2023-03-25 01:00:00,South,Gadget,C1014,160.0,250,40724.64,26346.88,14377.76
2023-03-25 02:00:00,North,Widget,C1008,239.0,100,22790.29,13444.6,9345.69
2023-03-25 03:00:00,South,Widget,C1051,230.0,100,23879.98,15639.64,8240.34
2023-03-25 04:00:00,South,Widget,C1034,207.0,100,21184.22,14446.14,6738.08
2023-03-25 05:00:00,South,Widget,C1076,180.0,100,17466.44,11275.19,6191.24
2023-03-25 06:00:00,North,Widget,C1079,277.0,100,26827.67,18408.27,8419.4
2023-03-25 07:00:00,South,Widget,C1040,158.0,100,16442.54,9631.92,6810.61
